message_id,sender_number,category,message_text,service,is_from_me,timestamp
12825,VD-axioPL-S,transactional,"Dear Customer,
An Axio agent is scheduled to visit your registered address to collect due amount on your Amazon Pay later account. Please ensure availability.
To avoid further action, make payment here: https://u.axio.ac/axo/0v0nAG4pFnxRV6l
Or contact the agent at 08634017553.
Ignore if paid - axio",SMS,0,2026-04-30 13:00:36
12824,JD-MSEDCL-S,transactional,"Dear Consumer 021510654321, your power supply is disconnected due to arrears amount Rs. 2826.23 .Please pay immediately for reconnection. Pay via Mahavitaran or Maha Vidyut Mobile App  or at MSEDCL cash collection center. MSEDCL",SMS,0,2026-04-30 10:13:49
12823,JD-KOTAKB-S,transactional,"Sent Rs.5.00 from Kotak Bank AC X2056 to bharatpe9d0m7s3p0y501066@yesbankltd on 30-04-26.UPI Ref 648627050612. Not you, https://kotak.com/KBANKT/Fraud",SMS,0,2026-04-30 09:57:25
12822,VM-axioPL-S,transactional,"Dear Customer,
An Axio agent is scheduled to visit your registered address to collect due amount on your Amazon Pay later account. Please ensure availability.
To avoid further action, make payment here: https://u.axio.ac/axo/0v0nAG4pFnxRV6l
Or contact the agent at 08634017553.
Ignore if paid - axio",SMS,0,2026-04-30 08:05:20
12821,VD-axioPL-S,transactional,"Dear Customer,
An Axio agent is scheduled to visit your registered address to collect due amount on your Amazon Pay later account. Please ensure availability.
To avoid further action, make payment here: https://u.axio.ac/axo/0v0nAG4pFnxRV6l
Or contact the agent at 08634017553.
Ignore if paid - axio",SMS,0,2026-04-29 18:45:07
12818,JK-620016-P,promotional,Your family member with Jio number 9284577299 is missing out on UNLIMITED 5G DATA!! The  current plan does not provide truly unlimited 5G data. Simply recharge with a Rs. 51 add-on for them to  enjoy blazing-fast UNLIMITED 5G for rest of the  plan validity. HURRY! Recharge now - www.jio.com/r/DrYQ3xF9c,SMS,0,2026-04-29 18:03:55
12820,VD-axioPL-S,transactional,"Dear Customer,
An Axio agent is scheduled to visit your registered address to collect due amount on your Amazon Pay later account. Please ensure availability.
To avoid further action, make payment here: https://u.axio.ac/axo/0v0nAG4pFnxRV6l
Or contact the agent at 08634017553.
Ignore if paid - axio",SMS,0,2026-04-29 14:00:26
12819,VA-SUBWAY-P,promotional,"Your fav Tandoori Chicken Tikka Sub miss you! Get 100 OFF on 299 at Subway. Visit now to order delicious & fresh Subs, Salads & Wraps. Code: xeg35xpq9e Valid till 3 May. TnC",SMS,0,2026-04-29 13:40:57
12815,+918862006200,transactional,"Dear Customer, You have a missed call from +918862006200 The last missed call was at 10:08 AM on 29-Apr-2026 Thankyou, Team Jio.",SMS,0,2026-04-29 10:08:56
12813,VA-CANBNK-S,transactional,An amount of INR 300.00 has been kept as hold in your account Number ending with XXXX3100. Total Avail Bal INR -535.61 - Canara Bank.,SMS,0,2026-04-28 21:49:59
12810,JX-620016-P,promotional,Your family member with Jio number 9284577299 is missing out on UNLIMITED 5G DATA!! The  current plan does not provide truly unlimited 5G data. Simply recharge with a Rs. 51 add-on for them to  enjoy blazing-fast UNLIMITED 5G for rest of the  plan validity. HURRY! Recharge now - www.jio.com/r/Drtai4sQr,SMS,0,2026-04-28 19:30:05
12809,+919898350662,transactional,"Dear Customer, You have a missed call from +919898350662 The last missed call was at 07:09 PM on 28-Apr-2026 Thankyou, Team Jio.",SMS,0,2026-04-28 19:09:25
12812,CP-axioFS-S,transactional,"Alert!! Non-payment of Pay Later dues will negatively impact your CIBIL score. Pay dues of Rs.2,496 here https://u.axio.ac/axo/mHdxfCrARWHorVM -axio",SMS,0,2026-04-28 14:38:28
12800,VA-KOTAKB-P,promotional,"Dear Maya, Kotak Personal Loan, starting at 9.99% p.a., helps you upgrade your home & lifestyle. Tap https://1.kotak.bank.in/KOTAKB/XO20_m T&C",SMS,0,2026-04-28 11:04:42
12764,JM-KOTAKB-S,transactional,Renewed Kotak Debit Card will be sent to address with PIN-421001. Click https://1.kotak.bank.in/KOTAKB/XOr5xM to opt out by 16-May-26. Change address on Mobile App.,SMS,0,2026-04-28 08:34:42
12760,JD-ZEPTON-S,transactional,"Dear Customer,
Thank you for ordering from Zepto. Your order is about to be delivered! Share OTP code 9979 with the delivery agent to confirm receipt.",SMS,0,2026-04-27 21:09:01
12749,JM-620016-P,promotional,Your family member with Jio number 9284577299 is missing out on UNLIMITED 5G DATA!! The  current plan does not provide truly unlimited 5G data. Simply recharge with a Rs. 51 add-on for them to  enjoy blazing-fast UNLIMITED 5G for rest of the  plan validity. HURRY! Recharge now - www.jio.com/r/DqYD9ukus,SMS,0,2026-04-27 18:00:12
12748,JX-MSEDCL-S,transactional,"Dear Consumer (021510654321), we regret to inform that you may face power failure from 28-04-26 08:00 AM to 01:00 PM in your area due to Maintenance.MSEDCL",SMS,0,2026-04-27 17:29:39
12746,JK-KOTAKB-S,transactional,Apr-2026 statement for Kotak Credit Card X8328 Total Due: INR 23611.44 Min Due: INR 1516.21 Due date: 16-May-2026. Pay at https://13.kotak.bank.in/KOTAKB/e/XNujHw,SMS,0,2026-04-26 23:52:24
12743,JZ-JioPay-S,transactional,"डेटा वापर अलर्ट!
आपण 26-Apr-26 22:19 ला दररोजच्या डेटापैकी 50%  वापर केला आहे!
Jio नंबर: 7820972280
50% डेटा कोटा: 2 GB
डेटा बचत टिप्ससाठी: http://tiny.jio.com/Savingmr
डेटा बॅलन्स आणि वापर ट्रॅक करण्यासाठी: http://tiny.jio.com/mobile",SMS,0,2026-04-26 22:19:25
12742,JZ-JioPay-S,transactional,"Data usage Alert!
50% of your daily data used as of 26-Apr-26 22:19
Jio Number: 7820972280
Daily Quota: 2 GB
For data saving tips: http://tiny.jio.com/Savingasm
Track your data balance and usage: http://tiny.jio.com/mobile",SMS,0,2026-04-26 22:19:24
12737,JX-620016-P,promotional,Your family member with Jio number 9284577299 is missing out on UNLIMITED 5G DATA!! The  current plan does not provide truly unlimited 5G data. Simply recharge with a Rs. 51 add-on for them to  enjoy blazing-fast UNLIMITED 5G for rest of the  plan validity. HURRY! Recharge now - www.jio.com/r/DquhbjJtO,SMS,0,2026-04-26 19:02:15
12736,JX-Kotakb-S,transactional,Important! Overlimit Fee of INR 500   GST 18% charged to your Kotak Credit Card x8328 as outstanding has exceeded the credit limit. T&C apply,SMS,0,2026-04-26 09:26:31
12724,JZ-NDMAEW-G,transactional,"पुढील ३ तासात आपल्या जिल्ह्यात काही ठिकाणी हलक्या पावसाच्या सरी, काही भागांमध्ये सोसाट्याच्या वाऱ्यासह मेघगर्जना/विजांचा कडकडाट होण्याची दाट शक्यता आहे. मंत्रालय, मुंबई.",SMS,0,2026-04-25 21:57:59
12723,JD-620016-P,promotional,Your family member with Jio number 9284577299 is missing out on UNLIMITED 5G DATA!! The  current plan does not provide truly unlimited 5G data. Simply recharge with a Rs. 51 add-on for them to  enjoy blazing-fast UNLIMITED 5G for rest of the  plan validity. HURRY! Recharge now - www.jio.com/r/DpZW0p0fQ,SMS,0,2026-04-25 19:20:38
12722,VM-axioLN-S,transactional,"Dear Customer,
An Axio agent is scheduled to visit your registered address to collect due amount on your Amazon Pay later account. Please ensure availability.
To avoid further action, make payment here: https://u.axio.ac/axo/0v0nAG4pFnxRV6l
Or contact the agent at 08634017553.
Ignore if paid - axio",SMS,0,2026-04-25 18:45:26
12721,JD-KOTAKB-S,transactional,Received Rs.15.00 in your Kotak Bank AC X2056 from 9371016801@ptyes on 25-04-26.UPI Ref:204771883064.,SMS,0,2026-04-25 17:57:23
12720,JK-TITNWO-P,promotional,"Hi Khushal, the right watch changes everything. Discover yours at Titan World, https://m.tneu.in/TITNWO/P2M2knn
 today. T&C Apply.",SMS,0,2026-04-25 11:54:44
12719,VA-KOTAKB-P,promotional,"Dear Maya, Kotak Personal Loan, starting at 9.99% p.a., helps you upgrade your home & lifestyle. Tap https://1.kotak.bank.in/KOTAKB/XM1myx T&C",SMS,0,2026-04-25 11:42:15
12685,JD-620016-P,promotional,Your family member with Jio number 9284577299 is missing out on UNLIMITED 5G DATA!! The  current plan does not provide truly unlimited 5G data. Simply recharge with a Rs. 51 add-on for them to  enjoy blazing-fast UNLIMITED 5G for rest of the  plan validity. HURRY! Recharge now - www.jio.com/r/DpvKeKypx,SMS,0,2026-04-24 19:52:14
12684,VM-axioLN-S,transactional,"Dear Customer,
An Axio agent is scheduled to visit your registered address to collect due amount on your Amazon Pay later account. Please ensure availability.
To avoid further action, make payment here: https://u.axio.ac/axo/0v0nAG4pFnxRV6l
Or contact the agent at 08634017553.
Ignore if paid - axio",SMS,0,2026-04-24 18:45:24
12676,VM-SUBWAY-P,promotional,Your fav Subs are waiting! Get 30% OFF on 399 at Subway. Code: xepzf77epw. Valid till 28 Apr. Visit Now. TnC,SMS,0,2026-04-24 17:07:08
12605,JK-KOTAKB-P,promotional,"Hi Kotak811 customer, earn cashback up to Rs.700 on Rs.50,000 spends with your Dream Different Credit Card till 30th Apr '26. T&C https://1.kotak.bank.in/KOTAKB/XLa_EZ",SMS,0,2026-04-24 10:23:22
12574,JZ-JioPay-S,transactional,"डेटा वापर अलर्ट!
आपण 23-Apr-26 20:55 ला दररोजच्या डेटापैकी 50%  वापर केला आहे!
Jio नंबर: 7820972280
50% डेटा कोटा: 2 GB
डेटा बचत टिप्ससाठी: http://tiny.jio.com/Savingmr
डेटा बॅलन्स आणि वापर ट्रॅक करण्यासाठी: http://tiny.jio.com/mobile",SMS,0,2026-04-23 20:55:51
12573,JZ-JioPay-S,transactional,"Data usage Alert!
50% of your daily data used as of 23-Apr-26 20:55
Jio Number: 7820972280
Daily Quota: 2 GB
For data saving tips: http://tiny.jio.com/Savingasm
Track your data balance and usage: http://tiny.jio.com/mobile",SMS,0,2026-04-23 20:55:49
12572,JX-620016-P,promotional,Your family member with Jio number 9284577299 is missing out on UNLIMITED 5G DATA!! The  current plan does not provide truly unlimited 5G data. Simply recharge with a Rs. 51 add-on for them to  enjoy blazing-fast UNLIMITED 5G for rest of the  plan validity. HURRY! Recharge now - www.jio.com/r/DoZp0Hwp5,SMS,0,2026-04-23 19:49:18
12569,VM-axioLN-S,transactional,"Dear Customer,
An Axio agent is scheduled to visit your registered address to collect due amount on your Amazon Pay later account. Please ensure availability.
To avoid further action, make payment here: https://u.axio.ac/axo/0v0nAG4pFnxRV6l
Or contact the agent at 08634017553.
Ignore if paid - axio",SMS,0,2026-04-23 18:45:58
12533,JD-KOTAKB-P,promotional,"Dear Maya, Kotak Personal Loan, starting at 9.99% p.a., helps you upgrade your home & lifestyle. Tap https://1.kotak.bank.in/KOTAKB/XKddCU T&C",SMS,0,2026-04-23 11:55:31
12529,JX-KOTAKD-S,transactional,"Hi MAYA, Electricity bill for May generated. Amount Rs. 5,670 is due on 12-May-2026. Pay now https://kotk.in/KOTAKD/EbTubf - Kotak811 T&C",SMS,0,2026-04-23 01:55:59
12528,JZ-JioPay-S,transactional,"डेटा वापर अलर्ट!
आपण 22-Apr-26 23:49 ला दररोजच्या डेटापैकी 50%  वापर केला आहे!
Jio नंबर: 7820972280
50% डेटा कोटा: 2 GB
डेटा बचत टिप्ससाठी: http://tiny.jio.com/Savingmr
डेटा बॅलन्स आणि वापर ट्रॅक करण्यासाठी: http://tiny.jio.com/mobile",SMS,0,2026-04-22 23:49:23
12527,JZ-JioPay-S,transactional,"Data usage Alert!
50% of your daily data used as of 22-Apr-26 23:49
Jio Number: 7820972280
Daily Quota: 2 GB
For data saving tips: http://tiny.jio.com/Savingasm
Track your data balance and usage: http://tiny.jio.com/mobile",SMS,0,2026-04-22 23:49:22
12450,VM-axioLN-S,transactional,"Dear Customer,
An Axio agent is scheduled to visit your registered address to collect due amount on your Amazon Pay later account. Please ensure availability.
To avoid further action, make payment here: https://u.axio.ac/axo/0v0nAG4pFnxRV6l
Or contact the agent at 08634017553.
Ignore if paid - axio",SMS,0,2026-04-22 18:46:25
12449,+918433585052,transactional,"Dear Customer, You have a missed call from +918433585052 The last missed call was at 05:53 PM on 22-Apr-2026 Thankyou, Team Jio.",SMS,0,2026-04-22 17:53:56
12448,JM-620016-P,promotional,Your family member with Jio number 7498157882 is missing out on UNLIMITED 5G DATA!! The  current plan does not provide truly unlimited 5G data. Simply recharge with a Rs. 51 add-on for them to  enjoy blazing-fast UNLIMITED 5G for rest of the  plan validity. HURRY! Recharge now - www.jio.com/r/Dov0UNrRv,SMS,0,2026-04-22 16:42:59
12446,+919284577299,transactional,"Dear Customer, +919284577299 is now available to take calls.",SMS,0,2026-04-21 20:22:02
12445,VM-axioLN-S,transactional,"Dear Customer,
An Axio agent is scheduled to visit your registered address to collect due amount on your Amazon Pay later account. Please ensure availability.
To avoid further action, make payment here: https://u.axio.ac/axo/0v0nAG4pFnxRV6l
Or contact the agent at 08634017553.
Ignore if paid - axio",SMS,0,2026-04-21 18:45:35
12444,JK-620016-P,promotional,Your family member with Jio number 7498157882 is missing out on UNLIMITED 5G DATA!! The  current plan does not provide truly unlimited 5G data. Simply recharge with a Rs. 51 add-on for them to  enjoy blazing-fast UNLIMITED 5G for rest of the  plan validity. HURRY! Recharge now - www.jio.com/r/Dn22Xn8WD,SMS,0,2026-04-21 18:04:39
12443,JD-axioFS-S,transactional,"Alert!! Non-payment of Pay Later dues will negatively impact your CIBIL score. Pay dues of Rs.2,496 here https://u.axio.ac/axo/mHdxfCrARWHorVM -axio",SMS,0,2026-04-21 14:07:00
12442,JD-KOTAKB-S,transactional,"Sent Rs.50.00 from Kotak Bank AC X2056 to q469050825@ybl on 21-04-26.UPI Ref 611113576827. Not you, https://kotak.com/KBANKT/Fraud",SMS,0,2026-04-21 13:54:34
12441,JG-NDMAEW-G,transactional,"पुढील ३ तासात पुणे, ठाणे, रायगड, कोल्हापूर, सिंधुदुर्ग, नांदेड येथे काही ठिकाणी विजांच्या कडकडाट, मेघगर्जना, हलक्या ते मध्यम स्वरूपाच्या पावसाची शक्यता असून ताशी ३०-४० किमी वेगाने वारे वाहतील.",SMS,0,2026-04-21 12:50:28
12439,JZ-JioPay-S,transactional,"डेटा वापर अलर्ट!
आपण 21-Apr-26 12:49 ला दररोजच्या डेटापैकी 50%  वापर केला आहे!
Jio नंबर: 7820972280
50% डेटा कोटा: 2 GB
डेटा बचत टिप्ससाठी: http://tiny.jio.com/Savingmr
डेटा बॅलन्स आणि वापर ट्रॅक करण्यासाठी: http://tiny.jio.com/mobile",SMS,0,2026-04-21 12:49:48
12440,JZ-JioPay-S,transactional,"Data usage Alert!
50% of your daily data used as of 21-Apr-26 12:49
Jio Number: 7820972280
Daily Quota: 2 GB
For data saving tips: http://tiny.jio.com/Savingasm
Track your data balance and usage: http://tiny.jio.com/mobile",SMS,0,2026-04-21 12:49:47
12438,JE-NDMAEW-G,transactional,"पुढील ३ तासात आपल्या जिल्ह्यांमध्ये काही ठिकाणी विजांच्या कडकडाटासह आणि मेघगर्जनेसह हलका ते मध्यम पाऊस आणि ताशी ३० ते ४० किमी वेगाने सोसाट्याचा वारा वाहण्याची दाट शक्यता आहे. मंत्रालय, मुंबई..",SMS,0,2026-04-21 10:42:50
12437,JG-NDMAEW-G,transactional,"पुढील ३ तासात आपल्या जिल्ह्यांमध्ये काही ठिकाणी विजांच्या कडकडाटासह आणि मेघगर्जनेसह हलका ते मध्यम पाऊस आणि ताशी ३० ते ४० किमी वेगाने सोसाट्याचा वारा वाहण्याची दाट शक्यता आहे. मंत्रालय, मुंबई..",SMS,0,2026-04-21 09:53:15
12436,JM-KOTAKB-S,transactional,"Sent Rs.60.00 from Kotak Bank AC X2056 to q381066721@ybl on 21-04-26.UPI Ref 647718649582. Not you, https://kotak.com/KBANKT/Fraud",SMS,0,2026-04-21 09:25:06
12435,JD-NDMAEW-G,transactional,"पुढील ३ तासांत मुंबई, मुंबई उपनगर, पालघर, रायगड, ठाणे येथील काही भागांमध्ये सोसाट्याच्या वाऱ्यासह हलक्या पावसाच्या सरी, मेघगर्जना आणि विजांचा कडकडाट होण्याची शक्यता आहे. मंत्रालय, मुंबई.",SMS,0,2026-04-21 06:55:48
12434,JX-620016-P,promotional,Your family member with Jio number 9284577299 is missing out on UNLIMITED 5G DATA!! The  current plan does not provide truly unlimited 5G data. Simply recharge with a Rs. 51 add-on for them to  enjoy blazing-fast UNLIMITED 5G for rest of the  plan validity. HURRY! Recharge now - www.jio.com/r/Dny9kKMzz,SMS,0,2026-04-20 16:47:43
12433,+918262991773,transactional,"Dear Customer, +918262991773 is now available to take calls.",SMS,0,2026-04-20 14:50:22
12432,JX-KOTAKB-S,transactional,Received Rs.100.00 in your Kotak Bank AC X2056 from mamtadas9837@oksbi on 19-04-26.UPI Ref:610989309230.,SMS,0,2026-04-19 23:56:57
12431,JM-620016-P,promotional,Your family member with Jio number 7498157882 is missing out on UNLIMITED 5G DATA!! The  current plan does not provide truly unlimited 5G data. Simply recharge with a Rs. 51 add-on for them to  enjoy blazing-fast UNLIMITED 5G for rest of the  plan validity. HURRY! Recharge now - www.jio.com/r/Dm6qMPQ16,SMS,0,2026-04-19 19:09:50
12429,JZ-JioPay-S,transactional,"डेटा वापर अलर्ट!
आपण 19-Apr-26 18:14 ला दररोजच्या डेटापैकी 50%  वापर केला आहे!
Jio नंबर: 7820972280
50% डेटा कोटा: 2 GB
डेटा बचत टिप्ससाठी: http://tiny.jio.com/Savingmr
डेटा बॅलन्स आणि वापर ट्रॅक करण्यासाठी: http://tiny.jio.com/mobile",SMS,0,2026-04-19 18:14:39
12430,JZ-JioPay-S,transactional,"Data usage Alert!
50% of your daily data used as of 19-Apr-26 18:14
Jio Number: 7820972280
Daily Quota: 2 GB
For data saving tips: http://tiny.jio.com/Savingasm
Track your data balance and usage: http://tiny.jio.com/mobile",SMS,0,2026-04-19 18:14:38
12421,JD-JIOHTR-S,transactional,"Hi, your JioHotstar verification code is 7476",SMS,0,2026-04-18 22:56:52
12420,VD-axioLN-S,transactional,"Dear Customer,
An Axio agent is scheduled to visit your registered address to collect due amount on your Amazon Pay later account. Please ensure availability.
To avoid further action, make payment here: https://u.axio.ac/axo/0v0nAG4pFnxRV6l
Or contact the agent at 08634017553.
Ignore if paid - axio",SMS,0,2026-04-18 18:45:09
12419,JK-KOTAKB-S,transactional,"Sent Rs.60.00 from Kotak Bank AC X2056 to paytmqr6v563r@ptys on 18-04-26.UPI Ref 647430236430. Not you, https://kotak.com/KBANKT/Fraud",SMS,0,2026-04-18 18:41:17
12418,JK-KOTAKB-S,transactional,"Sent Rs.27.00 from Kotak Bank AC X2056 to paytm.s230952@pty on 18-04-26.UPI Ref 647408220667. Not you, https://kotak.com/KBANKT/Fraud",SMS,0,2026-04-18 16:44:01
12417,VM-axioFS-S,transactional,"Dear Customer, your EMI payment is 346 days overdue (as of 15-Apr-26). As per RBI regulations, this delay will be reported to the Credit Bureau.
-axio",SMS,0,2026-04-18 13:41:33
12416,JK-KOTAKB-P,promotional,"Dear Maya, Kotak Personal Loan, starting at 9.99% p.a., helps you upgrade your home & lifestyle. Tap https://1.kotak.bank.in/KOTAKB/XGQ6xl T&C",SMS,0,2026-04-18 11:39:56
12415,JD-KFCIND-P,promotional,"Sort your KFC cravings under Rs.100! Grab KFC Krisper Meal at just Rs.99 today with Chicken Krisper Burger, Fries and Pepsi. bit.ly/kfcind-kmg18 TnC",SMS,0,2026-04-18 11:37:10
12414,JD-KOTAKB-S,transactional,"Sent Rs.114.00 from Kotak Bank AC X2056 to zeptonow.bdpg111@kotakpay on 18-04-26.UPI Ref 647411173765. Not you, https://kotak.com/KBANKT/Fraud",SMS,0,2026-04-18 10:48:22
12412,JK-620016-P,promotional,Your family member with Jio number 7498157882 is missing out on UNLIMITED 5G DATA!! The  current plan does not provide truly unlimited 5G data. Simply recharge with a Rs. 51 add-on for them to  enjoy blazing-fast UNLIMITED 5G for rest of the  plan validity. HURRY! Recharge now - www.jio.com/r/DmaqRyXzL,SMS,0,2026-04-17 19:02:13
12411,VD-axioLN-S,transactional,"Dear Customer,
An Axio agent is scheduled to visit your registered address to collect due amount on your Amazon Pay later account. Please ensure availability.
To avoid further action, make payment here: https://u.axio.ac/axo/0v0nAG4pFnxRV6l
Or contact the agent at 08634017553.
Ignore if paid - axio",SMS,0,2026-04-17 18:45:24
12410,JK-KOTAKB-S,transactional,"Sent Rs.130.00 from Kotak Bank AC X2056 to Q685655023@ybl on 17-04-26.UPI Ref 647300033109. Not you, https://kotak.com/KBANKT/Fraud",SMS,0,2026-04-17 14:00:53
12407,JD-KOTAKB-S,transactional,"Sent Rs.115.00 from Kotak Bank AC X2056 to zeptonow.bdpg111@kotakpay on 17-04-26.UPI Ref 647300997247. Not you, https://kotak.com/KBANKT/Fraud",SMS,0,2026-04-17 09:52:26
12406,JD-KOTAKB-S,transactional,"Sent Rs.30.00 from Kotak Bank AC X2056 to q757707918@ybl on 17-04-26.UPI Ref 647307985111. Not you, https://kotak.com/KBANKT/Fraud",SMS,0,2026-04-17 09:05:36
12405,JD-KOTAKB-S,transactional,"Txn of INR 30 at UPI-647318005696-MR PE declined due to low credit limit on Kotak Credit Card x8328. To continue transacting, pay: https://kotak.bank.in/KBANKT/CCPYM",SMS,0,2026-04-17 09:05:30
12404,JD-KOTAKB-S,transactional,"Sent Rs.59.00 from Kotak Bank AC X2056 to appleservices.bdsi@hdfcbank on 17-04-26.UPI Ref 103123626802. Not you, https://kotak.com/KBANKT/Fraud",SMS,0,2026-04-17 04:46:20
12409,JM-JIOHTR-S,transactional,"Hi, your JioHotstar verification code is 6401",SMS,0,2026-04-16 22:51:19
12402,VM-JIOHTR-S,transactional,"Hi, your JioHotstar verification code is 5305",SMS,0,2026-04-16 22:37:45
12401,JM-JIOHTR-S,transactional,"Hi, your JioHotstar verification code is 4996",SMS,0,2026-04-16 22:16:20
12398,VD-axioLN-S,transactional,"Dear Customer,
An Axio agent is scheduled to visit your registered address to collect due amount on your Amazon Pay later account. Please ensure availability.
To avoid further action, make payment here: https://u.axio.ac/axo/0v0nAG4pFnxRV6l
Or contact the agent at 08634017553.
Ignore if paid - axio",SMS,0,2026-04-16 18:45:18
12397,VM-SUBWAY-P,promotional,"Your Subway favourites await! Final 2 days to get 100 OFF on 299. Visit now for fresh Subs, Salads ,Wraps & Rice Bowl. Code: xern86pfmc. Valid till 17 Apr. TnC",SMS,0,2026-04-16 15:46:43
12396,VM-axioLN-S,transactional,"Dear Customer,
An Axio agent is scheduled to visit your registered address to collect due amount on your Amazon Pay later account. Please ensure availability.
To avoid further action, make payment here: https://u.axio.ac/axo/0v0nAG4pFnxRV6l
Or contact the agent at 08634017553.
Ignore if paid - axio",SMS,0,2026-04-16 14:30:22
12408,JD-KOTAKB-P,promotional,"Dear Maya, Kotak Personal Loan, starting at 9.99% p.a., helps you upgrade your home & lifestyle. Tap https://1.kotak.bank.in/KOTAKB/XED0QC T&C",SMS,0,2026-04-16 11:38:41
12395,JM-620016-P,promotional,Your family member with Jio number 9284577299 is missing out on UNLIMITED 5G DATA!! The  current plan does not provide truly unlimited 5G data. Simply recharge with a Rs. 51 add-on for them to  enjoy blazing-fast UNLIMITED 5G for rest of the  plan validity. HURRY! Recharge now - www.jio.com/r/Dlc9nghY7,SMS,0,2026-04-15 16:49:02
12394,JD-PHONPE-P,promotional,Get up to Rs.100 cashback! Enjoy rewards on all RuPay Credit Card transactions via PhonePe UPI. Link your card & pay now: https://phon.pe/PHONPE/r1SMS10042026,SMS,0,2026-04-15 11:31:45
12393,JD-JIOHTR-S,transactional,"Hi, your JioHotstar verification code is 1135",SMS,0,2026-04-14 21:59:04
12391,JX-620016-P,promotional,Your family member with Jio number 7498157882 is missing out on UNLIMITED 5G DATA!! The  current plan does not provide truly unlimited 5G data. Simply recharge with a Rs. 51 add-on for them to  enjoy blazing-fast UNLIMITED 5G for rest of the  plan validity. HURRY! Recharge now - www.jio.com/r/DkJmtDLW9,SMS,0,2026-04-14 16:42:10
12392,VM-axioFS-S,transactional,"Alert!! Non-payment of Pay Later dues will negatively impact your CIBIL score. Pay dues of Rs.2,496 here https://u.axio.ac/axo/mHdxfCrARWHorVM -axio",SMS,0,2026-04-14 14:16:45
12390,AD-PYTMBK-S,transactional,Your PPBL A/c XXXXXXXX2280 is inactive. Transact by 2027-04-14 to avoid a/c becoming inoperative or fresh KYC will be required. https://b.pytm.bank.in/PYTMBK/G3uiRuTj,SMS,0,2026-04-14 09:58:55
12389,JM-YESBNK-S,transactional,"Dear Customer, you have successfully approved a mandate on SUPERMONEY for a frequency ASPRESENTED starting from 13-04-26 for amount 195.00. Regards, YES BANK",SMS,0,2026-04-13 20:16:10
12387,JK-KOTAKB-S,transactional,"Sent Rs.195.00 from Kotak Bank AC X2056 to appleservices.bdsi@hdfcbank on 13-04-26.UPI Ref 103106262988. Not you, https://kotak.com/KBANKT/Fraud",SMS,0,2026-04-13 20:16:08
12386,JX-YESBNK-S,transactional,"You have received a UPI-Mandate collect request from APPLE MEDIA SERVICES for Rs. 195.00. Login into SUPERMONEY application to authorize. Regards, YES BANK",SMS,0,2026-04-13 20:15:16
12385,JM-KOTAKB-S,transactional,Received Rs.200.00 in your Kotak Bank AC X2056 from 7498157882@ptaxis on 13-04-26.UPI Ref:610344901619.,SMS,0,2026-04-13 19:32:37
12384,JD-KOTAKB-S,transactional,INR 20 spent on Kotak Credit Card x8328 on 13-Apr-2026 at UPI-646929463231-SURAJ. Avl limit INR 15.59 Fraud? https://kotak.bank.in/KBANKT/CCTXN,SMS,0,2026-04-13 18:42:12
12383,JK-KOTAKB-S,transactional,"Sent Rs.15450.00 from Kotak Bank AC X2056 to 8999317597@kotak811 on 13-04-26.UPI Ref 610317882438. Not you, https://kotak.com/KBANKT/Fraud",SMS,0,2026-04-13 17:38:32
12381,JM-620016-P,promotional,Your family member with Jio number 7498157882 is missing out on UNLIMITED 5G DATA!! The  current plan does not provide truly unlimited 5G data. Simply recharge with a Rs. 51 add-on for them to  enjoy blazing-fast UNLIMITED 5G for rest of the  plan validity. HURRY! Recharge now - www.jio.com/r/DkeZw3Pme,SMS,0,2026-04-13 16:47:27
12380,JM-KOTAKB-S,transactional,"Sent Rs.930.00 from Kotak Bank AC X2056 to 8149028446@axl on 13-04-26.UPI Ref 646913438040. Not you, https://kotak.com/KBANKT/Fraud",SMS,0,2026-04-13 16:39:51
12379,VM-JIOHTR-S,transactional,"Hi, your JioHotstar verification code is 8698",SMS,0,2026-04-13 16:35:47
12378,JK-ZEPTON-S,transactional,Your payment for Zepto order KRGOVNTK38669 was not completed. Any amount if debited will get refunded within 2-3 days. Please try placing the order again.,SMS,0,2026-04-13 16:25:24
12376,JX-JIOHTR-S,transactional,"Hi, your JioHotstar verification code is 5743",SMS,0,2026-04-13 08:16:40
12374,JK-JIOHTR-S,transactional,"Hi, your JioHotstar verification code is 5721",SMS,0,2026-04-12 20:03:19
12373,JM-620016-P,promotional,Your family member with Jio number 7498157882 is missing out on UNLIMITED 5G DATA!! The  current plan does not provide truly unlimited 5G data. Simply recharge with a Rs. 51 add-on for them to  enjoy blazing-fast UNLIMITED 5G for rest of the  plan validity. HURRY! Recharge now - www.jio.com/r/DjMeeOxWq,SMS,0,2026-04-12 17:22:19
12372,JK-KOTAKB-S,transactional,"Sent Rs.102.00 from Kotak Bank AC X2056 to pinelabs.10372375@pineaxis on 12-04-26.UPI Ref 646817270966. Not you, https://kotak.com/KBANKT/Fraud",SMS,0,2026-04-12 14:47:01
12371,JD-KOTAKB-S,transactional,"Sent Rs.292.77 from Kotak Bank AC X2056 to cred.telecom@axisb on 12-04-26.UPI Ref 646817254082. Not you, https://kotak.com/KBANKT/Fraud",SMS,0,2026-04-12 12:58:17
12370,JK-KOTAKB-S,transactional,"Txn of INR 20 at UPI-646820255091-MAYUR declined due to low credit limit on Kotak Credit Card x8328. To continue transacting, pay: https://kotak.bank.in/KBANKT/CCPYM",SMS,0,2026-04-12 12:39:58
12369,JD-KOTAKB-S,transactional,"Sent Rs.20.00 from Kotak Bank AC X2056 to q793246724@ybl on 12-04-26.UPI Ref 646830239814. Not you, https://kotak.com/KBANKT/Fraud",SMS,0,2026-04-12 12:39:50
12368,JD-KOTAKB-S,transactional,"Sent Rs.639.00 from Kotak Bank AC X2056 to lifeincorpofindiaupicce.paytm@hdfcbank on 12-04-26.UPI Ref 300611034089. Not you, https://kotak.com/KBANKT/Fraud",SMS,0,2026-04-12 10:47:40
12367,JD-JIOHTR-S,transactional,"Hi, your JioHotstar verification code is 1679",SMS,0,2026-04-12 09:42:58
12366,JZ-JioPay-S,transactional,"डेटा वापर अलर्ट!
आपण 11-Apr-26 22:45 ला दररोजच्या डेटापैकी 50%  वापर केला आहे!
Jio नंबर: 7820972280
50% डेटा कोटा: 2 GB
डेटा बचत टिप्ससाठी: http://tiny.jio.com/Savingmr
डेटा बॅलन्स आणि वापर ट्रॅक करण्यासाठी: http://tiny.jio.com/mobile",SMS,0,2026-04-11 22:45:51
12365,JZ-JioPay-S,transactional,"Data usage Alert!
50% of your daily data used as of 11-Apr-26 22:45
Jio Number: 7820972280
Daily Quota: 2 GB
For data saving tips: http://tiny.jio.com/Savingasm
Track your data balance and usage: http://tiny.jio.com/mobile",SMS,0,2026-04-11 22:45:43
12364,JD-JIOHTR-S,transactional,"Hi, your JioHotstar verification code is 7193",SMS,0,2026-04-11 22:24:43
12361,+918080397503,transactional,"Dear Customer, You have a missed call from +918080397503 The last missed call was at 06:25 PM on 11-Apr-2026 Thankyou, Team Jio.",SMS,0,2026-04-11 18:25:47
12360,JK-620016-P,promotional,Your family member with Jio number 7498157882 is missing out on UNLIMITED 5G DATA!! The  current plan does not provide truly unlimited 5G data. Simply recharge with a Rs. 51 add-on for them to  enjoy blazing-fast UNLIMITED 5G for rest of the  plan validity. HURRY! Recharge now - www.jio.com/r/Dji9MMCaE,SMS,0,2026-04-11 16:54:39
12359,JM-KOTAKB-S,transactional,"Sent Rs.500.00 from Kotak Bank AC X2056 to 7498157882@pthdfc on 11-04-26.UPI Ref 646720081476. Not you, https://kotak.com/KBANKT/Fraud",SMS,0,2026-04-11 13:02:48
12358,VA-SUBWAY-P,promotional,Subway Alert! New Signature Rice Bowls starting 199 - made with premium basmati rice. Get 100 OFF on 299. Code: xern86pfmc. Valid till 17 Apr. Visit Now! TnC,SMS,0,2026-04-11 11:36:02
12357,JD-KOTAKB-S,transactional,"Sent Rs.404.00 from Kotak Bank AC X2056 to blinkit.payu@hdfcbank on 11-04-26.UPI Ref 300541019695. Not you, https://kotak.com/KBANKT/Fraud",SMS,0,2026-04-11 08:26:00
12356,JD-JIOHTR-S,transactional,"Hi, your JioHotstar verification code is 8919",SMS,0,2026-04-10 22:23:39
12355,JX-620016-P,promotional,Your family member with Jio number 7498157882 is missing out on UNLIMITED 5G DATA!! The  current plan does not provide truly unlimited 5G data. Simply recharge with a Rs. 51 add-on for them to  enjoy blazing-fast UNLIMITED 5G for rest of the  plan validity. HURRY! Recharge now - www.jio.com/r/DiOzSVUxK,SMS,0,2026-04-10 17:08:10
12354,JD-McDnld-P,promotional,"Don't miss this!
Get Rs.100 OFF on Rs.249 + Free Delivery on McDelivery App!

Use GRAB100 now
https://mcdelivery.co.in/",SMS,0,2026-04-10 15:45:54
12352,JZ-JioPay-S,transactional,"डेटा वापर अलर्ट!
आपण 10-Apr-26 00:14 ला दररोजच्या डेटापैकी 50%  वापर केला आहे!
Jio नंबर: 7820972280
50% डेटा कोटा: 2 GB
डेटा बचत टिप्ससाठी: http://tiny.jio.com/Savingmr
डेटा बॅलन्स आणि वापर ट्रॅक करण्यासाठी: http://tiny.jio.com/mobile",SMS,0,2026-04-10 00:14:47
12351,JZ-JioPay-S,transactional,"Data usage Alert!
50% of your daily data used as of 10-Apr-26 00:14
Jio Number: 7820972280
Daily Quota: 2 GB
For data saving tips: http://tiny.jio.com/Savingasm
Track your data balance and usage: http://tiny.jio.com/mobile",SMS,0,2026-04-10 00:14:46
12350,JX-JIOHTR-S,transactional,"Hi, your JioHotstar verification code is 4989",SMS,0,2026-04-09 22:28:43
12349,JD-KOTAKB-S,transactional,"Sent Rs.20.00 from Kotak Bank AC X2056 to paytmqr6kchr8@ptys on 09-04-26.UPI Ref 602477222558. Not you, https://kotak.com/KBANKT/Fraud",SMS,0,2026-04-09 22:19:18
12348,JD-KOTAKB-S,transactional,Received Rs.19.58 in your Kotak Bank AC X2056 from 7498157882@ptaxis on 09-04-26.UPI Ref:609959899992.,SMS,0,2026-04-09 22:18:59
12347,JD-620016-P,promotional,Your family member with Jio number 7498157882 is missing out on UNLIMITED 5G DATA!! The  current plan does not provide truly unlimited 5G data. Simply recharge with a Rs. 51 add-on for them to  enjoy blazing-fast UNLIMITED 5G for rest of the  plan validity. HURRY! Recharge now - www.jio.com/r/DilDbZajV,SMS,0,2026-04-09 16:40:26
12346,JX-NEUTTN-P,promotional,"Dear Khushal,
Tanishq presents Hues-precious natural gemstones inspired by colours of an Indian summer. Add a vibrant touch to your everyday style with designs starting at Rs.30,000. Find exciting offers in-store. Book in advance to lock gold rates. Explore: https://m.tneu.in/NEUTTN/BZQjVgN",SMS,0,2026-04-09 14:37:55
12345,JK-KOTAKB-S,transactional,"Dear Customer, Thank you for using the 811 Mobile App. Do take a few moments to share your experience. Click https://cka.nu/KOTAKB/qXCFWVH8 . Kotak Bank.",SMS,0,2026-04-09 14:36:01
12343,JM-KOTAKB-P,promotional,"Dear Maya, Kotak Personal Loan, starting at 9.97% p.a., helps you upgrade your home & lifestyle. Tap https://1.kotak.bank.in/KOTAKB/W9Vn7U T&C",SMS,0,2026-04-09 11:54:51
12342,VA-JIOHTR-S,transactional,"Hi, your JioHotstar verification code is 1706",SMS,0,2026-04-08 22:46:31
12341,JZ-DOTMAH-G,transactional,"While receiving an international call, if an Indian number or no number is displayed on your phone, please inform at DoT Sanchar Saathi portal https://sancharsaathi.gov.in or on tollfree number 1800110420/1963",SMS,0,2026-04-08 17:16:39
12340,BT-NEUTTN-P,promotional,"This Akshaya Tritiya, get up to 101% off* on making charges of Mia diamond jewellery from 3-20 Apr. Shop now! *T&C https://m.tneu.in/NEUTTN/3D3qDrE",SMS,0,2026-04-08 16:50:28
12339,JD-620016-P,promotional,Your family member with Jio number 7498157882 is missing out on UNLIMITED 5G DATA!! The  current plan does not provide truly unlimited 5G data. Simply recharge with a Rs. 51 add-on for them to  enjoy blazing-fast UNLIMITED 5G for rest of the  plan validity. HURRY! Recharge now - www.jio.com/r/DhSyJVUfd,SMS,0,2026-04-08 16:42:43
12338,JM-HDBFSL-P,promotional,"HDB Financial Services is hiring collections Officers in mumbai location. Please do come (& refer your friends) for interviews on 09th april 2026 at HDBFS, 3rd floor aurum building majesco mahape ghansoli. For more details, call on below No. 7066549171 :- HR Team, HDB FINANCIAL SERVICES LTD.",SMS,0,2026-04-08 14:50:55
12337,JM-KOTAKD-S,transactional,"Hi MAYA, Electricity bill of 13-Apr-2026 for Rs. 2,790 is due in 5 days. Tap to pay: https://kotk.in/KOTAKD/ETjfk0 - Kotak811 T&C",SMS,0,2026-04-08 10:44:56
12336,JD-JIOHTR-S,transactional,"Hi, your JioHotstar verification code is 3631",SMS,0,2026-04-07 22:01:52
12334,JX-620016-P,promotional,Your family member with Jio number 7498157882 is missing out on UNLIMITED 5G DATA!! The  current plan does not provide truly unlimited 5G data. Simply recharge with a Rs. 51 add-on for them to  enjoy blazing-fast UNLIMITED 5G for rest of the  plan validity. HURRY! Recharge now - www.jio.com/r/Dhm7r3Xcz,SMS,0,2026-04-07 16:48:15
12335,JD-axioFS-S,transactional,"Alert!! Non-payment of Pay Later dues will negatively impact your CIBIL score. Pay dues of Rs.2,496 here https://u.axio.ac/axo/lpxgr47Dz1b8N9v -axio",SMS,0,2026-04-07 14:10:15
12332,JD-KOTAKB-P,promotional,"Hello 811 Customer, Book a new FD & link it to your Kotak811 Credit Card to boost your credit limit.  https://1.kotak.bank.in/KOTAKB/W66MIG  *T&C apply",SMS,0,2026-04-07 12:24:10
12331,JK-620016-P,promotional,Your family member with Jio number 7498157882 is missing out on UNLIMITED 5G DATA!! The  current plan does not provide truly unlimited 5G data. Simply recharge with a Rs. 51 add-on for them to  enjoy blazing-fast UNLIMITED 5G for rest of the  plan validity. HURRY! Recharge now - www.jio.com/r/DgUeqohNJ,SMS,0,2026-04-06 17:37:26
12329,+918433585052,transactional,"Dear Customer, +918433585052 is now available to take calls.",SMS,0,2026-04-06 16:22:43
12330,AZ-650001-P,promotional,"Offer 8421XXX369 ke liye!
Abhi recharge karein Rs348 se aur payein JioHotstar Mobile Subscription aur saath hi uplabdh hai, UL call, Unlimited 4G + 5G data sabhi handset par aur 100 SMS/din, 28 din tak. Recharge on Airtel Thanks App with ZERO CONVENIENCE FEE  i.airtel.in/AirRech",SMS,0,2026-04-06 14:27:31
12328,JM-JIOHTR-S,transactional,"Hi, your JioHotstar verification code is 2921",SMS,0,2026-04-05 22:34:06
12327,VA-JIOHTR-S,transactional,"Hi, your JioHotstar verification code is 3499",SMS,0,2026-04-05 20:37:55
12325,AZ-650001-P,promotional,"Offer 8421XXX369 ke liye!
Abhi recharge karein Rs348 se aur payein JioHotstar Mobile Subscription aur saath hi uplabdh hai, UL call, Unlimited 4G + 5G data sabhi handset par aur 100 SMS/din, 28 din tak. Recharge on Airtel Thanks App with ZERO CONVENIENCE FEE  i.airtel.in/AirRech",SMS,0,2026-04-05 15:35:52
12324,VM-JIOHTR-S,transactional,"Hi, your JioHotstar verification code is 9019",SMS,0,2026-04-04 19:33:02
12323,AZ-650001-P,promotional,"Offer 8421XXX369 ke liye!
Abhi recharge karein Rs348 se aur payein JioHotstar Mobile Subscription aur saath hi uplabdh hai, UL call, Unlimited 4G + 5G data sabhi handset par aur 100 SMS/din, 28 din tak. Recharge on Airtel Thanks App with ZERO CONVENIENCE FEE  i.airtel.in/AirRech",SMS,0,2026-04-04 16:37:40
12322,JZ-TRAIND-G,transactional,"स्पॅमरच्या विरोधात कारवाईसाठी स्पॅमचा अहवाल द्या. मात्र, फोनच्या कॉलिंग ॲपवर स्पॅमर ब्लॉक केल्याने त्याच्यावर प्रत्यक्ष कारवाई होत नाही. TRAI DND App, सेवा प्रदाता ॲप किंवा 1909 वर कॉल करून स्पॅमचा अहवाल द्या. TRAI DND App वर अहवाल देणे सोपे आणि जलद आहे, आजच इंस्टॉल करा.",SMS,0,2026-04-04 14:10:43
12321,VA-ZEPTON-T,transactional,"Dear Customer, Your payment of Rs. 2.00 using Zepto Cash is successful. Updated Zepto Cash balance is Rs.0.00. For help please reach out to - support@zeptonow.com",SMS,0,2026-04-04 10:31:07
12319,JZ-JioPay-S,transactional,"डेटा वापर अलर्ट!
आपण 03-Apr-26 21:29 ला दररोजच्या डेटापैकी 50%  वापर केला आहे!
Jio नंबर: 7820972280
50% डेटा कोटा: 2 GB
डेटा बचत टिप्ससाठी: http://tiny.jio.com/Savingmr
डेटा बॅलन्स आणि वापर ट्रॅक करण्यासाठी: http://tiny.jio.com/mobile",SMS,0,2026-04-03 21:29:29
12318,JZ-JioPay-S,transactional,"Data usage Alert!
50% of your daily data used as of 03-Apr-26 21:29
Jio Number: 7820972280
Daily Quota: 2 GB
For data saving tips: http://tiny.jio.com/Savingasm
Track your data balance and usage: http://tiny.jio.com/mobile",SMS,0,2026-04-03 21:29:28
12317,AZ-650001-P,promotional,"Offer 8421XXX369 ke liye!
Abhi recharge karein Rs348 se aur payein JioHotstar Mobile Subscription aur saath hi uplabdh hai, UL call, Unlimited 4G + 5G data sabhi handset par aur 100 SMS/din, 28 din tak. Recharge on Airtel Thanks App with ZERO CONVENIENCE FEE  i.airtel.in/AirRech",SMS,0,2026-04-03 14:18:13
12316,AD-axioFS-S,transactional,"Dear Customer, your EMI payment is 330 days overdue (as of 2026-03-31). As per RBI regulations, this delay will be reported to the Credit Bureau.
-axio",SMS,0,2026-04-03 14:06:05
12315,JM-KOTAKB-P,promotional,"Hi 811 Customer, Congratulations! Your Rs.250* Gift voucher ryCbeVqM is waiting to be claimed. Avail now https://1.kotak.bank.in/KOTAKB/W234nM T&C",SMS,0,2026-04-03 13:54:30
12312,AZ-650001-P,promotional,"Offer 8421XXX369 ke liye!
Abhi recharge karein Rs348 se aur payein JioHotstar Mobile Subscription aur saath hi uplabdh hai, UL call, Unlimited 4G + 5G data sabhi handset par aur 100 SMS/din, 28 din tak. Recharge on Airtel Thanks App with ZERO CONVENIENCE FEE  i.airtel.in/AirRech",SMS,0,2026-04-02 14:31:03
12313,JZ-REGINF-G,transactional,"Important information - TRAI does not provide any NOC for installing mobile towers. If a fraudster brings a fake letter to you, inform the concerned service provider and the local police.",SMS,0,2026-04-02 13:43:14
12310,JD-KOTAKB-P,promotional,"Dear Maya, Kotak Personal Loan, starting at 9.97% p.a., helps you upgrade your home & lifestyle. Tap https://1.kotak.bank.in/KOTAKB/W1e8D2 T&C",SMS,0,2026-04-02 12:08:16
12309,JD-KOTAKB-P,promotional,"Hello 811 Customer, Book a new FD & link it to your Kotak811 Credit Card to boost your credit limit.  https://1.kotak.bank.in/KOTAKB/W1NYhU  *T&C apply",SMS,0,2026-04-02 11:22:35
12307,JK-KOTAKB-S,transactional,"Dear Customer, Help us make your Credit Card Bill Payment journey better. Do share your feedback at https://cka.nu/KOTAKB/wAPA5lbw Stay safe, Kotak Bank..",SMS,0,2026-04-01 19:13:08
12305,AZ-650001-P,promotional,"Offer 8421XXX369 ke liye!
Abhi recharge karein Rs348 se aur payein JioHotstar Mobile Subscription aur saath hi uplabdh hai, UL call, Unlimited 4G + 5G data sabhi handset par aur 100 SMS/din, 28 din tak. Recharge on Airtel Thanks App with ZERO CONVENIENCE FEE  i.airtel.in/AirRech",SMS,0,2026-04-01 16:01:51
12303,JD-ZEPTON-T,transactional,"Dear Customer, Your payment of Rs. 13.00 using Zepto Cash is successful. Updated Zepto Cash balance is Rs.0.00. For help please reach out to - support@zeptonow.com",SMS,0,2026-04-01 10:56:56
12300,JZ-JioPay-S,transactional,"डेटा वापर अलर्ट!
आपण 31-Mar-26 19:53 ला दररोजच्या डेटापैकी 50%  वापर केला आहे!
Jio नंबर: 7820972280
50% डेटा कोटा: 2 GB
डेटा बचत टिप्ससाठी: http://tiny.jio.com/Savingmr
डेटा बॅलन्स आणि वापर ट्रॅक करण्यासाठी: http://tiny.jio.com/mobile",SMS,0,2026-03-31 19:53:40
12301,JZ-JioPay-S,transactional,"Data usage Alert!
50% of your daily data used as of 31-Mar-26 19:53
Jio Number: 7820972280
Daily Quota: 2 GB
For data saving tips: http://tiny.jio.com/Savingasm
Track your data balance and usage: http://tiny.jio.com/mobile",SMS,0,2026-03-31 19:53:18
12297,JM-620016-P,promotional,Your family member with Jio number 9284577299 is missing out on UNLIMITED 5G DATA!! The  current plan does not provide truly unlimited 5G data. Simply recharge with a Rs. 51 add-on for them to  enjoy blazing-fast UNLIMITED 5G for rest of the  plan validity. HURRY! Recharge now - www.jio.com/r/DeklE2M1r,SMS,0,2026-03-31 16:57:39
12296,JD-KOTAKB-S,transactional,"Sent Rs.20.00 from Kotak Bank AC X2056 to paytmqr6hbx7w@ptys on 31-03-26.UPI Ref 645600100419. Not you, https://kotak.com/KBANKT/Fraud",SMS,0,2026-03-31 14:10:40
12295,JK-KOTAKB-S,transactional,Received Rs.20.00 in your Kotak Bank AC X2056 from 7498157882@ptaxis on 31-03-26.UPI Ref:609017193829.,SMS,0,2026-03-31 14:10:26
12294,JD-KOTAKB-S,transactional,INR 20.57 spent on Kotak Credit Card x8328 on 31-Mar-2026 at UPI-645628090676-CRED. Avl limit INR 54.59 Fraud? https://kotak.bank.in/KBANKT/CCTXN,SMS,0,2026-03-31 14:08:16
12292,AZ-650001-P,promotional,"Offer 8421XXX369 ke liye!
Abhi recharge karein Rs348 se aur payein JioHotstar Mobile Subscription aur saath hi uplabdh hai, UL call, Unlimited 4G + 5G data sabhi handset par aur 100 SMS/din, 28 din tak. Recharge on Airtel Thanks App with ZERO CONVENIENCE FEE  i.airtel.in/AirRech",SMS,0,2026-03-31 13:50:56
12290,JD-KOTAKB-S,transactional,INR 60 spent on Kotak Credit Card x8328 on 31-Mar-2026 at UPI-645616060543-VAIBH. Avl limit INR 61.16 Fraud? https://kotak.bank.in/KBANKT/CCTXN,SMS,0,2026-03-31 09:40:01
12288,VA-ZEPTON-T,transactional,"Dear Customer, Your payment of Rs. 190.00 using Zepto Cash is successful. Updated Zepto Cash balance is Rs.13.00. For help please reach out to - support@zeptonow.com",SMS,0,2026-03-31 02:53:33
12287,BG-ZEPTON-S,transactional,"Dear Customer, Rs.203.00 has been refunded to your Zepto Cash. The updated balance is Rs.203.00 For help contact support: support@zeptonow.com",SMS,0,2026-03-31 02:20:14
12289,AX-ZEPTON-T,transactional,"Dear user, refund of Rs 203.0 for your Zepto order RKJPVMUNB46770 has been initiated. It should reflect in your account within 5-7 business days!",SMS,0,2026-03-31 01:38:18
12285,JD-KOTAKB-S,transactional,INR 15 spent on Kotak Credit Card x8328 on 30-Mar-2026 at UPI-645525955058-JAMIL. Avl limit INR 121.16 Fraud? https://kotak.bank.in/KBANKT/CCTXN,SMS,0,2026-03-30 17:32:51
12284,JZ-JioPay-S,transactional,"Data usage Alert!
50% of your daily data used as of 30-Mar-26 14:50 Hrs
Jio Number: 7820972280
Daily Quota: 2 GB
For data saving tips: http://tiny.jio.com/Savingtips
Track your data balance and usage: http://tiny.jio.com/mobile",SMS,0,2026-03-30 14:50:18
12281,AZ-650001-P,promotional,"Offer 8421XXX369 ke liye! Abhi Recharge karein Rs348 se aur payein Unlimited call, Unlimited 4G + 5G data aur 100 SMS/din, 28 din tak. Recharge on Airtel Thanks App with ZERO CONVENIENCE FEE  i.airtel.in/AirRech",SMS,0,2026-03-30 14:46:43
12282,JD-KOTAKB-S,transactional,"Sent Rs.20.00 from Kotak Bank AC X2056 to paytmqr6hbx7w@ptys on 30-03-26.UPI Ref 645507910402. Not you, https://kotak.com/KBANKT/Fraud",SMS,0,2026-03-30 14:04:16
12280,VM-SUBWAY-P,promotional,Hurry! Last 2 days left to redeem ur offer 30% OFF on 299 at Subway. Code: xehr8vdmgd Valid till: 31 Mar . Visit nearest store Today. TnC Ignore if redeemed.,SMS,0,2026-03-30 12:47:17
12279,JD-KOTAKB-S,transactional,INR 40 spent on Kotak Credit Card x8328 on 30-Mar-2026 at UPI-645531876346-VAIBH. Avl limit INR 74.16 Fraud? https://kotak.bank.in/KBANKT/CCTXN,SMS,0,2026-03-30 09:41:48
12278,JM-JIOMRT-S,transactional,You have a new message from JioMart. For details visit https://jm101.com/Jiomart/?JM=20&code=9166889495&tag=sms,SMS,0,2026-03-29 19:54:14
12277,VM-McDnld-P,promotional,"Cheer your team with your favourite McD meal.
Get FREE Burger & FREE delivery on Rs.199+.

Use SUPER4 on McDelivery
https://mcdelivery.co.in",SMS,0,2026-03-29 19:46:27
12276,JK-JIOHTR-S,transactional,"Hi, your JioHotstar verification code is 4365",SMS,0,2026-03-29 19:28:55
12275,JD-KOTAKB-S,transactional,"Sent Rs.50.00 from Kotak Bank AC X2056 to 9657665689@axl on 29-03-26.UPI Ref 645425788989. Not you, https://kotak.com/KBANKT/Fraud",SMS,0,2026-03-29 18:13:05
12272,VM-KOTAKB-P,promotional,"Hello 811 Customer, 
Don't put pressure on your wallet. Turn your spends into easy EMIs with Kotak811 Credit Card. Tap here. https://1.kotak.bank.in/KOTAKB/WxFUFJ  T&C",SMS,0,2026-03-29 15:22:18
12271,JK-KOTAKB-S,transactional,INR 80 spent on Kotak Credit Card x8328 on 29-Mar-2026 at UPI-645411765062-ASHIF. Avl limit INR 78.16 Fraud? https://kotak.bank.in/KBANKT/CCTXN,SMS,0,2026-03-29 15:13:12
12270,AZ-650001-P,promotional,"Offer 8421XXX369 ke liye! Abhi Recharge karein Rs348 se aur payein Unlimited call, Unlimited 4G + 5G data aur 100 SMS/din, 28 din tak. Recharge on Airtel Thanks App with ZERO CONVENIENCE FEE  i.airtel.in/AirRech",SMS,0,2026-03-29 15:11:20
12268,JD-KOTAKB-S,transactional,"Sent Rs.500.00 from Kotak Bank AC X2056 to gpay-12194920045@okbizaxis on 29-03-26.UPI Ref 645409731471. Not you, https://kotak.com/KBANKT/Fraud",SMS,0,2026-03-29 12:29:02
12265,AX-CANBNK-S,transactional,An amount of INR 299.61 has been DEBITED to your account XXXX3100 on 29/03/2026 towards services charges. Total Avail.bal INR -299.61. - Canara Bank,SMS,0,2026-03-29 10:03:00
12263,VM-CANBNK-S,transactional,An amount of INR 299.61 kept on hold has been removed in your account no XXXX3100. Total Avail Bal INR -599.22 - Canara Bank.,SMS,0,2026-03-29 06:06:32
12262,JK-KOTAKB-S,transactional,INR 114 spent on Kotak Credit Card x8328 on 29-Mar-2026 at UPI-645407674942-ZEPTO. Avl limit INR 238.16 Fraud? https://kotak.bank.in/KBANKT/CCTXN,SMS,0,2026-03-29 02:09:43
12261,JK-KOTAKB-S,transactional,Payment of INR 19 is credited to your Kotak Bank Credit Card x8328 on 29-MAR-2026. Available Credit limit is INR 352.16.,SMS,0,2026-03-29 02:09:43
12260,JD-KOTAKB-S,transactional,"Sent Rs.30.00 from Kotak Bank AC X2056 to paytmqrcdxlx49sxk@paytm on 29-03-26.UPI Ref 645401683196. Not you, https://kotak.com/KBANKT/Fraud",SMS,0,2026-03-29 02:09:43
12259,JD-KOTAKB-S,transactional,"Dear Customer, we got a request for
registering your Kotak Credit Card on UPI app. If it is not done by you,
kindly call at 18602662666. Do not share
your Credit Card details/OTP/Expiry date to avoid any financial loss",SMS,0,2026-03-28 23:54:34
12257,JD-KOTAKB-S,transactional,"Dear Customer, Biometric authentication is enabled on the CRED App linked to your Kotak Bank A/c X356115XXXXXXXX28 . If not done by you, call us on 18602662666. T&C",SMS,0,2026-03-28 23:54:04
12256,JD-KOTAKB-S,transactional,"Dear Customer, we got a request for
registering your Kotak Credit Card on UPI app. If it is not done by you,
kindly call at 18602662666. Do not share
your Credit Card details/OTP/Expiry date to avoid any financial loss",SMS,0,2026-03-28 23:53:35
12252,CP-CREDIN-S,transactional,"Simply Nam Beauty has requested money from you on CRED.

On approving the request, Rs.359 will be debited from your account.

Click here to approve: https://link.cred.club/link/PBTXTxSI",SMS,0,2026-03-28 23:41:13
12249,JM-JIOHTR-S,transactional,"Hi, your JioHotstar verification code is 9540",SMS,0,2026-03-28 22:06:01
12244,VM-CANBNK-S,transactional,"Dear Customer, your ECS Debit for Rs.514 fvg LICOFINDIA rejected on account of Insufficient Balance. Rtn charges of Rs. 500 and applicable GST will be debited from a/c-Canara Bank.",SMS,0,2026-03-28 19:37:53
12242,VM-CANBNK-S,transactional,"Your a/c XXXX3100 CREDITED with INR 1,500.00 on 28/03/2026. Avail.bal INR 1,198.39. - Canara Bank",SMS,0,2026-03-28 17:11:29
12241,JM-KFCIND-P,promotional,"KFC lover, missed KFC? An all-new Crispy Shawarma Wrap with chicken, veggies and Lebanese sauce at Rs.169 is waiting! Hurry! bit.ly/kfcind-shpl28 TnC",SMS,0,2026-03-28 15:55:50
12240,VD-axioFS-S,transactional,"Alert!! Non-payment of Pay Later dues will negatively impact your CIBIL score. Pay dues of Rs.2,371 here https://u.axio.ac/axo/mHdxfCrARWHorVM -axio",SMS,0,2026-03-28 15:43:48
12237,VA-BFLFIN-P,promotional,"Congratulations!
Your Bajaj Finserv Insta EMI Card offer has been revised, check now https://m.bflcomm.in/BAJAJF/329hYZ & shop on Easy EMI.",SMS,0,2026-03-28 14:08:10
12236,AZ-650001-P,promotional,"Offer 8421XXX369 ke liye! Abhi Recharge karein Rs348 se aur payein Unlimited call, Unlimited 4G + 5G data aur 100 SMS/din, 28 din tak. Recharge on Airtel Thanks App with ZERO CONVENIENCE FEE  i.airtel.in/AirRech",SMS,0,2026-03-28 13:59:40
12235,VM-KOTAKB-P,promotional,"Dear Maya, meet your goals with Kotak Personal Loan of up to Rs.1 Crore. Fast process & lower rates*. Tap now: https://1.kotak.bank.in/KOTAKB/Wv9Hma T&C",SMS,0,2026-03-28 11:53:31
12233,VK-ZEPTON-T,transactional,"Dear Customer, Your payment of Rs. 53.00 using Zepto Cash is successful. Updated Zepto Cash balance is Rs.0.00. For help please reach out to - support@zeptonow.com",SMS,0,2026-03-27 22:42:29
12232,VM-JIOHTR-S,transactional,"Hi, your JioHotstar verification code is 7372",SMS,0,2026-03-27 21:25:00
12231,VA-BFLFIN-P,promotional,"Congratulations!
Your Bajaj Finserv Insta EMI Card offer has been revised, check now https://m.bflcomm.in/BAJAJF/TJXdyi & shop on Easy EMI.",SMS,0,2026-03-27 19:13:33
12228,VA-SUBWAY-P,promotional,You last visited Subway on 14 Jan . Time to visit again: Get 30% OFF on 299. Code: xehr8vdmgd. Valid till 2 Apr. Hurry! Visit nearest store now. TnC,SMS,0,2026-03-27 17:29:34
12227,CP-ZEPTON-S,transactional,"Dear Customer, Rs.53.00 has been refunded to your Zepto Cash. The updated balance is Rs.53.00 For help contact support: support@zeptonow.com",SMS,0,2026-03-27 16:29:22
12226,AD-ZEPTON-T,transactional,"Dear user, refund of Rs 53.0 for your Zepto order MOORGVNTK90669 has been initiated. It should reflect in your account within 5-7 business days!",SMS,0,2026-03-27 16:29:21
12225,VM-ZEPTON-T,transactional,"Dear Customer, Your payment of Rs. 6.00 using Zepto Cash is successful. Updated Zepto Cash balance is Rs.0.00. For help please reach out to - support@zeptonow.com",SMS,0,2026-03-27 15:56:38
12222,VM-JIOHTR-S,transactional,"Hi, your JioHotstar verification code is 8753",SMS,0,2026-03-27 15:10:18
12230,AZ-650001-P,promotional,"Offer 8421XXX369 ke liye! Abhi Recharge karein Rs348 se aur payein Unlimited call, Unlimited 4G + 5G data aur 100 SMS/din, 28 din tak. Recharge on Airtel Thanks App with ZERO CONVENIENCE FEE  i.airtel.in/AirRech",SMS,0,2026-03-27 15:01:30
12229,JK-KOTAKB-S,transactional,Mar-26 statement for Credit Card X8328 Total Due: INR 22312.61 Min Due: INR 266.77 Due date: 12-Apr-26. Pay at https://gs.im/KOTAKB/e/WuwZfI - Kotak Bank,SMS,0,2026-03-27 13:36:21
12221,JK-620016-P,promotional,Your family member with Jio number 9284577299 is missing out on UNLIMITED 5G DATA!! The  current plan does not provide truly unlimited 5G data. Simply recharge with a Rs. 51 add-on for them to  enjoy blazing-fast UNLIMITED 5G for rest of the  plan validity. HURRY! Recharge now - www.jio.com/r/DceZLtANx,SMS,0,2026-03-26 19:08:45
12217,AZ-650001-P,promotional,"Offer 8421XXX369 ke liye! Abhi Recharge karein Rs348 se aur payein Unlimited call, Unlimited 4G + 5G data aur 100 SMS/din, 28 din tak. Recharge on Airtel Thanks App with ZERO CONVENIENCE FEE  i.airtel.in/AirRech",SMS,0,2026-03-26 14:59:24
12220,VA-KOTAKB-P,promotional,"Dear Maya, meet your goals with Kotak Personal Loan of up to Rs.1 Crore. Fast process & lower rates*. Tap now: https://1.kotak.bank.in/KOTAKB/WtWKKg T&C",SMS,0,2026-03-26 14:07:50
12216,AD-ZEPTON-T,transactional,"Dear Customer, Your payment of Rs. 14.00 using Zepto Cash is successful. Updated Zepto Cash balance is Rs.0.00. For help please reach out to - support@zeptonow.com",SMS,0,2026-03-26 09:26:56
12213,JM-KOTAKD-S,transactional,"Hi MAYA, Electricity bill for April generated. Amount Rs. 2,790 is due on 13-Apr-2026. Pay now https://kotk.in/KOTAKD/EMyVp0 - Kotak811 T&C",SMS,0,2026-03-26 01:51:23
12205,JX-620016-P,promotional,Your family member with Jio number 7498157882 is missing out on UNLIMITED 5G DATA!! The  current plan does not provide truly unlimited 5G data. Simply recharge with a Rs. 51 add-on for them to  enjoy blazing-fast UNLIMITED 5G for rest of the  plan validity. HURRY! Recharge now - www.jio.com/r/DbPEryGyP,SMS,0,2026-03-25 18:05:11
12204,JX-JIOHTR-S,transactional,"Hi, your JioHotstar verification code is 6958",SMS,0,2026-03-25 17:11:57
12203,VM-JIOHTR-S,transactional,"Hi, your JioHotstar verification code is 6132",SMS,0,2026-03-25 16:59:06
12211,JK-KOTAKB-P,promotional,"Hello 811 Customer, 
Book an FD & boost the credit limit on your Kotak811 Dream Different Credit Card. Increase now. https://1.kotak.bank.in/KOTAKB/WsXYTr T&C",SMS,0,2026-03-25 13:31:09
12209,JK-KOTAKB-S,transactional,INR 20 spent on Kotak Credit Card x8328 on 24-Mar-2026 at UPI-608319574678-Q0470. Avl limit INR 97.39 Fraud? https://kotak.bank.in/KBANKT/CCTXN,SMS,0,2026-03-24 19:47:56
12201,JK-620016-P,promotional,Your family member with Jio number 7498157882 is missing out on UNLIMITED 5G DATA!! The  current plan does not provide truly unlimited 5G data. Simply recharge with a Rs. 51 add-on for them to  enjoy blazing-fast UNLIMITED 5G for rest of the  plan validity. HURRY! Recharge now - www.jio.com/r/Dbpf0kTPo,SMS,0,2026-03-24 17:07:36
12208,JK-BURKIN-S,transactional,Thank you for ordering with Burger King! Here's your E-bill: ez.easyrz.co/bue4233521jgng Grab exclusive deals on BK App https://smler.in/BURKIN/7ILgVZG,SMS,0,2026-03-24 14:38:54
12200,AZ-650001-P,promotional,"Offer 8421XXX369 ke liye! Abhi Recharge karein Rs348 se aur payein Unlimited call, Unlimited 4G + 5G data aur 100 SMS/din, 28 din tak. Recharge on Airtel Thanks App with ZERO CONVENIENCE FEE  i.airtel.in/AirRech",SMS,0,2026-03-24 11:49:05
12199,+919619985663,transactional,"Dear Customer, You have a missed call from +919619985663 The last missed call was at 11:13 AM on 24-Mar-2026 Thankyou, Team Jio.",SMS,0,2026-03-24 11:13:29
12198,JX-JIOHTR-S,transactional,"Hi, your JioHotstar verification code is 3059",SMS,0,2026-03-23 22:59:25
12195,JD-620016-P,promotional,Your family member with Jio number 7498157882 is missing out on UNLIMITED 5G DATA!! The  current plan does not provide truly unlimited 5G data. Simply recharge with a Rs. 51 add-on for them to  enjoy blazing-fast UNLIMITED 5G for rest of the  plan validity. HURRY! Recharge now - www.jio.com/r/DaY8cFKYs,SMS,0,2026-03-23 18:24:35
12194,JD-DMRTDY-P,promotional,"Dear Customer, 
Get Rs.50 OFF + FREE delivery on next order. Save big! Valid till 20 Apr 2026. 
Shop now - https://gs.im/DMRTDY/e/h4pUN8L7tEG
- DMart Ready",SMS,0,2026-03-23 16:27:32
12193,AZ-650001-P,promotional,"Offer 8421XXX369 ke liye! Abhi Recharge karein Rs348 se aur payein Unlimited call, Unlimited 4G + 5G data aur 100 SMS/din, 28 din tak. Recharge on Airtel Thanks App with ZERO CONVENIENCE FEE  i.airtel.in/AirRech",SMS,0,2026-03-23 14:44:56
12191,JK-KOTAKB-S,transactional,INR 646.5 spent on Kotak Credit Card x8328 on 22-Mar-2026 at UPI-608122322445-PINED. Avl limit INR 126.03 Fraud? https://kotak.bank.in/KBANKT/CCTXN,SMS,0,2026-03-22 22:28:02
12189,JK-620016-P,promotional,Your family member with Jio number 7498157882 is missing out on UNLIMITED 5G DATA!! The  current plan does not provide truly unlimited 5G data. Simply recharge with a Rs. 51 add-on for them to  enjoy blazing-fast UNLIMITED 5G for rest of the  plan validity. HURRY! Recharge now - www.jio.com/r/DayLgVNFW,SMS,0,2026-03-22 18:42:18
12188,+917276509966,transactional,"Dear Customer, You have a missed call from +917276509966 The last missed call was at 06:04 PM on 22-Mar-2026 Thankyou, Team Jio.",SMS,0,2026-03-22 18:06:18
12185,JK-KOTAKB-S,transactional,"Sent Rs.50.00 from Kotak Bank AC X2056 to 9657665689@axl on 22-03-26.UPI Ref 608116863039. Not you, https://kotak.com/KBANKT/Fraud",SMS,0,2026-03-22 16:41:41
12183,AZ-650001-P,promotional,"Offer 8421XXX369 ke liye! Abhi Recharge karein Rs348 se aur payein Unlimited call, Unlimited 4G + 5G data aur 100 SMS/din, 28 din tak. Recharge on Airtel Thanks App with ZERO CONVENIENCE FEE  i.airtel.in/AirRech",SMS,0,2026-03-22 15:38:39
12182,+919359713930,transactional,"Dear Customer, +919359713930 is now available to take calls.",SMS,0,2026-03-22 15:27:56
12175,JD-620016-P,promotional,Your family member with Jio number 9284577299 is missing out on UNLIMITED 5G DATA!! The  current plan does not provide truly unlimited 5G data. Simply recharge with a Rs. 51 add-on for them to  enjoy blazing-fast UNLIMITED 5G for rest of the  plan validity. HURRY! Recharge now - www.jio.com/r/C99HQxknO,SMS,0,2026-03-21 18:48:27
12174,AZ-650001-P,promotional,"Offer 8421XXX369 ke liye! Abhi Recharge karein Rs348 se aur payein Unlimited call, Unlimited 4G + 5G data aur 100 SMS/din, 28 din tak. Recharge on Airtel Thanks App with ZERO CONVENIENCE FEE  i.airtel.in/AirRech",SMS,0,2026-03-21 14:21:38
12171,JK-KOTAKB-P,promotional,"Dear Maya, your Kotak Personal Loan now starts at 9.97% p.a. Save more with quick approvals.  Tap now: https://1.kotak.bank.in/KOTAKB/WoVWAb T&C",SMS,0,2026-03-21 13:26:36
12170,VM-CANBNK-S,transactional,"Dear customer, your Debit Card ending 1562 has not been used for the last 6 months. Use your card at an ATM/PoS/E-commerce to keep it active. - Canara Bank",SMS,0,2026-03-21 10:18:27
12168,JD-KOTAKB-S,transactional,INR 20 spent on Kotak Credit Card x8328 on 21-Mar-2026 at UPI-608009302198-Q1385. Avl limit INR 1807 Fraud? https://kotak.bank.in/KBANKT/CCTXN,SMS,0,2026-03-21 09:32:22
12163,VA-BFLFIN-P,promotional,"Congratulations!
Your Bajaj Finserv Insta EMI Card offer has been revised, check now https://m.bflcomm.in/BAJAJF/rx0tU9 & shop on Easy EMI.",SMS,0,2026-03-20 17:33:29
12162,JX-KOTAKB-P,promotional,"Dear Customer, offer too good to miss- get 10% OFF at Flipkart with Kotak Credit Card/EMI. Explore Offer: https://1.kotak.bank.in/KOTAKB/Wnkzds T&C",SMS,0,2026-03-20 16:10:33
12161,VA-DOMINO-S,transactional,We hope you enjoyed your Domino's Pizza. Please click https://dom.jfl.fyi/DOMINO/OzNMjTz to share your experience with us.,SMS,0,2026-03-20 14:46:12
12165,AZ-650001-P,promotional,"Offer 8421XXX369 ke liye! Abhi Recharge karein Rs348 se aur payein Unlimited call, Unlimited 4G + 5G data aur 100 SMS/din, 28 din tak. Recharge on Airtel Thanks App with ZERO CONVENIENCE FEE  i.airtel.in/AirRech",SMS,0,2026-03-20 13:54:19
12158,JZ-ISATHI-G,transactional,तुमच्या नावावर किती सिम आहेत ते तपासायचे आहे का? तपासण्यासाठी संचार साथी डाउनलोड करा : Android : https://t.jio/ISATHI/MWxHL9 iOS : https://t.jio/ISATHI/ios Department of Telecom,SMS,0,2026-03-20 12:54:26
12157,JX-KOTAKB-P,promotional,"Hello 811 Customer,
Save up to Rs.3,500 & Rs.500 on your fuel & ticket surcharge with Kotak811 Dream Different Card. Know more https://1.kotak.bank.in/KOTAKB/WnOF7t T&C.",SMS,0,2026-03-20 12:31:53
12156,JM-IRSMSa-S,transactional,Rs.100.00 debited from your RWallet Account on Mar 20 2026  7:58AM . Available Balance Rs.3.00. Indian Railway,SMS,0,2026-03-20 07:58:17
12155,JD-IRSMSa-S,transactional,Rs.100.00 credited to your RWallet Account on Mar 20 2026  7:57AM .Now the Available Balance is Rs.100.00. IR-CRIS,SMS,0,2026-03-20 07:57:38
12153,AX-KOTAKB-T,transactional,"229691 is the OTP for transaction of INR 101.00 on Kotak Bank Card 8328 at Indian Rai, valid for 3 mins. Do not share OTP with anyone.",SMS,0,2026-03-20 07:57:15
12149,JD-KOTAKB-S,transactional,"Sent Rs.100.00 from Kotak Bank AC X2056 to 7498157882@pthdfc on 19-03-26.UPI Ref 607821885460. Not you, https://kotak.com/KBANKT/Fraud",SMS,0,2026-03-19 21:53:08
12146,JD-KOTAKB-S,transactional,INR 276 spent on Kotak Credit Card x8328 on 19-Mar-2026 at UPI-607807231420-ZEPTO. Avl limit INR 2137.44 Fraud? https://kotak.bank.in/KBANKT/CCTXN,SMS,0,2026-03-19 17:41:33
12145,VD-UNACDY-P,promotional,"Khushal, ready for UPSC CSE?
Prove it this Sunday with the All India Free Mock Test. 
Get your AIR. Enroll Now: https://weurl.co/UNACDY/t7HWCA -Unacademy",SMS,0,2026-03-19 17:19:48
12144,VM-McDnld-P,promotional,"All your festive cravings, now on us Order above Rs199 on McDelivery App & get Burger or Coke & Pizza McPuff FREE + free delivery! https://mcdelivery.co.in/",SMS,0,2026-03-19 16:10:11
12143,AZ-650001-P,promotional,"Offer 8421XXX369 ke liye! Abhi Recharge karein Rs348 se aur payein Unlimited call, Unlimited 4G + 5G data aur 100 SMS/din, 28 din tak. Recharge on Airtel Thanks App with ZERO CONVENIENCE FEE  i.airtel.in/AirRech",SMS,0,2026-03-19 14:28:36
12140,VA-KOTAKB-P,promotional,"Dear Maya, your Kotak Personal Loan now starts at 9.97% p.a. Save more with quick approvals.  Tap now: https://1.kotak.bank.in/KOTAKB/WmPSJp T&C",SMS,0,2026-03-19 11:59:05
12139,JD-KOTAKB-S,transactional,INR 469 spent on Kotak Credit Card x8328 on 19-Mar-2026 at KONARK ENTERPRISES PVT. Avl limit INR 2673.44 Fraud? https://kotak.bank.in/KBANKT/CCTXN,SMS,0,2026-03-19 11:37:37
12128,BG-DOMINO-S,transactional,We hope you enjoyed your Domino's Pizza. Please click https://dom.jfl.fyi/DOMINO/OWjMWmw to share your experience with us.,SMS,0,2026-03-18 14:49:09
12127,JZ-JioPay-S,transactional,"Data usage Alert!
50% of your daily data used as of 18-Mar-26 14:39 Hrs
Jio Number: 7820972280
Daily Quota: 2 GB
For data saving tips: http://tiny.jio.com/Savingtips
Track your data balance and usage: http://tiny.jio.com/mobile",SMS,0,2026-03-18 14:39:01
12126,AZ-650001-P,promotional,"Offer 8421XXX369 ke liye! Abhi Recharge karein Rs348 se aur payein Unlimited call, Unlimited 4G + 5G data aur 100 SMS/din, 28 din tak. Recharge on Airtel Thanks App with ZERO CONVENIENCE FEE  i.airtel.in/AirRech",SMS,0,2026-03-18 14:32:51
12124,JM-DOMINO-S,transactional,Enjoy the All New Domino's Pizza. Your order no is 11. Click https://dom.jfl.fyi/DOMINO/ZgdjDVD for your invoice,SMS,0,2026-03-18 13:53:49
12122,VA-KOTAKB-P,promotional,"Save up to Rs. 20,000 on Reliance Digital with your Kotak Credit Card/EMI. Valid till 19-03-26. Upgrade your tech @ https://1.kotak.bank.in/KOTAKB/Wkywoq T&C",SMS,0,2026-03-18 12:27:13
12121,JD-KOTAKB-S,transactional,INR 80 spent on Kotak Credit Card x8328 on 18-Mar-2026 at UPI-607709383705-PAYTM. Avl limit INR 3753.38 Fraud? https://kotak.bank.in/KBANKT/CCTXN,SMS,0,2026-03-18 09:52:37
12118,AZ-650001-P,promotional,"Offer 8421XXX369 ke liye! Abhi Recharge karein Rs348 se aur payein Unlimited call, Unlimited 4G + 5G data aur 100 SMS/din, 28 din tak. Recharge on Airtel Thanks App with ZERO CONVENIENCE FEE  i.airtel.in/AirRech",SMS,0,2026-03-17 14:31:37
12117,JM-PHONPE-S,transactional,"Important update on your Wallet.
There will be changes in Wallet usage, coming into effect after 45 days. Click to know more.
https://phone.pe/PHONPE/jkcua3w6 -PhonePe",SMS,0,2026-03-17 09:04:09
12115,JZ-JioPay-S,transactional,"डेटा वापर अलर्ट!
आपण 16-Mar-26 23:35 ला दररोजच्या डेटापैकी 50%  वापर केला आहे!
Jio नंबर: 7820972280
50% डेटा कोटा: 2 GB
डेटा बचत टिप्ससाठी: http://tiny.jio.com/Savingmr
डेटा बॅलन्स आणि वापर ट्रॅक करण्यासाठी: http://tiny.jio.com/mobile",SMS,0,2026-03-16 23:35:48
12116,JZ-JioPay-S,transactional,"Data usage Alert!
50% of your daily data used as of 16-Mar-26 23:35
Jio Number: 7820972280
Daily Quota: 2 GB
For data saving tips: http://tiny.jio.com/Savingasm
Track your data balance and usage: http://tiny.jio.com/mobile",SMS,0,2026-03-16 23:35:47
12114,JK-KOTAKB-S,transactional,INR 25 spent on Kotak Credit Card x8328 on 16-Mar-2026 at UPI-399051188322-ROPPE. Avl limit INR 3957.38 Fraud? https://kotak.bank.in/KBANKT/CCTXN,SMS,0,2026-03-16 20:27:10
12113,JK-KOTAKB-S,transactional,INR 39 spent on Kotak Credit Card x8328 on 16-Mar-2026 at UPI-607519093191-Q0455. Avl limit INR 3982.38 Fraud? https://kotak.bank.in/KBANKT/CCTXN,SMS,0,2026-03-16 19:44:00
12109,JM-620040-P,promotional,Thank you for choosing Jio! You're all set with high-speed data. But why stop there? Upgrade to our quarterly and annual plans and enjoy Unlimited 5G all year long. Recharge now and queue it for uninterrupted connectivity. Click www.jio.com/r/TOUIJ6H47,SMS,0,2026-03-16 17:09:23
12108,JK-KOTAKB-S,transactional,INR 114 spent on Kotak Credit Card x8328 on 16-Mar-2026 at UPI-202042099407-ZEPTO. Avl limit INR 4021.38 Fraud? https://kotak.bank.in/KBANKT/CCTXN,SMS,0,2026-03-16 16:43:32
12107,VM-COKETH-P,promotional,Why wait for a special occasion? Make any moment a little more special with Coke X McD. Order Now: s.tccc-comms.com/s/v9FJ6ZaMe,SMS,0,2026-03-16 15:46:40
12111,JK-KOTAKB-S,transactional,INR 104.92 spent on Kotak Credit Card x8328 on 16-Mar-2026 at UPI-607513695584-MCDON. Avl limit INR 4135.38 Fraud? https://kotak.bank.in/KBANKT/CCTXN,SMS,0,2026-03-16 13:55:38
12110,AZ-650001-P,promotional,"Offer 8421XXX369 ke liye! Abhi Recharge karein Rs348 se aur payein Unlimited call, Unlimited 4G + 5G data aur 100 SMS/din, 28 din tak. Recharge on Airtel Thanks App with ZERO CONVENIENCE FEE  i.airtel.in/AirRech",SMS,0,2026-03-16 13:49:38
12106,JZ-ISATHI-G,transactional,"Want to know number of SIMs in your name? Download Sanchar Saathi to check : Android : https://t.jio/ISATHI/MWxHL9 iOS : https://t.jio/ISATHI/ios Dept of Telecom, Govt of India",SMS,0,2026-03-16 12:51:56
12102,AX-KOTAKB-T,transactional,"277652 is the OTP for transaction of INR 114.00 on Kotak Bank Card 8328 at ZEPTONOW, valid for 3 mins. Do not share OTP with anyone.",SMS,0,2026-03-15 23:19:30
12101,JK-KOTAKB-S,transactional,"Sent Rs.20.00 from Kotak Bank AC X2056 to sunilrsmulchandani@okaxis on 15-03-26.UPI Ref 607419327043. Not you, https://kotak.com/KBANKT/Fraud",SMS,0,2026-03-15 19:35:12
12100,JK-KOTAKB-S,transactional,INR 414 spent on Kotak Credit Card x8328 on 15-Mar-2026 at MR DIY. Avl limit INR 4034.3 Fraud? https://kotak.bank.in/KBANKT/CCTXN,SMS,0,2026-03-15 19:08:58
12098,JD-KOTAKB-S,transactional,INR 104.92 spent on Kotak Credit Card x8328 on 15-Mar-2026 at MC DONALDS. Avl limit INR 4448.3 Fraud? https://kotak.bank.in/KBANKT/CCTXN,SMS,0,2026-03-15 18:13:37
12097,AZ-650001-P,promotional,"Offer 8421XXX369 ke liye! Abhi Recharge karein Rs348 se aur payein Unlimited call, Unlimited 4G + 5G data aur 100 SMS/din, 28 din tak. Recharge on Airtel Thanks App with ZERO CONVENIENCE FEE  i.airtel.in/AirRech",SMS,0,2026-03-15 15:51:39
12096,JD-620016-P,promotional,"Recharge now Jio no. 7820972280 with Rs.899 plan & enjoy Special benefits:Free Pro Google Gemini worth Rs.35100 + JioHotstar+ Unlimited 5G data + 2 GB/day & 20GB , Unlimited Voice, 90 Days. Use PhonePe app & get upto Rs.400 Rewards. T&CA. https://phon.pe/jioh",SMS,0,2026-03-15 15:35:07
12095,JD-KOTAKB-S,transactional,INR 400 spent on Kotak Credit Card x8328 on 15-Mar-2026 at UPI-607414136137-Q8940. Avl limit INR 4553.22 Fraud? https://kotak.bank.in/KBANKT/CCTXN,SMS,0,2026-03-15 14:40:27
12093,JD-KOTAKB-P,promotional,"Hello 811 Customer,
Your OTTplay is just a tap away. Use your Kotak811 Credit Card & enjoy the subscription at just Rs.1. https://1.kotak.bank.in/KOTAKB/WimyLk T&C",SMS,0,2026-03-15 14:20:20
12092,JD-KOTAKB-P,promotional,"Hello, Your Kotak811 Credit Card is ready. Enjoy your Free OTTplay & Rs.250 gift voucher. Click Here https://1.kotak.bank.in/KOTAKB/WimxXt T&C",SMS,0,2026-03-15 14:19:41
12090,JD-JIOCPN-P,promotional,"Dear User,

You’ve earned TWS+4-in-1 Cable Combo at ₹599! (JIOTWSCOM02) on Jio Recharge. Claim now: https://t.jio/JIOCPN/CXceQ9 T&C*

JioCoupons",SMS,0,2026-03-15 12:57:39
12089,JM-620016-P,promotional,"तुमच्या Jio मोबाईल नंबर 7820972280 प्लॅनची मुदत लवकरच संपणार आहे. अमर्यादित 5G डेटा, JioHotStar सबस्क्रिप्शन, अमर्यादित व्हॉईस कॉल्स आणि दररोज 2 GB डेटा  90 दिवसांच्या वैधतेसह मिळवण्यासाठी Rs.899 चा रिचार्ज करा. नियम व अटी लागू. www.jio.com/r/C7mVm9keH",SMS,0,2026-03-15 12:08:58
12087,JZ-JIOINF-S,transactional,Plan for your Jio number expires today.Recharge Immediately.,SMS,0,2026-03-15 09:20:24
12084,JM-KOTAKD-S,transactional,"Hi MAYA, prepaid mobile recharge of Rs. 899  was successful! To learn more about your plan and its benefits, log into the Kotak811 App. T&C",SMS,0,2026-03-15 00:16:30
12082,JZ-JIOPAY-S,transactional,"Recharge Plan Expired on 15-Mar-26 00:10 Hrs !
Jio Number : 7820972280
Plan Name : Rs 349_28D_2GB/D
Recharge using MyJio and enjoy zero convenience charges on all recharges.
To recharge - http://tiny.jio.com/dmyjiorchgpl",SMS,0,2026-03-15 00:10:58
12080,JK-KOTAKB-S,transactional,INR 10 spent on Kotak Credit Card x8328 on 14-Mar-2026 at UPI-607318345037-Q8300. Avl limit INR 6838.22 Fraud? https://kotak.bank.in/KBANKT/CCTXN,SMS,0,2026-03-14 18:52:15
12079,JX-620016-P,promotional,"Recharge Jio no. 7820972280 with Rs.899 plan & enjoy Special benefits:Free Pro Google Gemini worth Rs.35100 + JioHotstar+ Unlimited 5G data + 2 GB/day & 20GB , Unlimited Voice, 90 Days. Use PayZapp & Code: PZPREPAID to get upto Rs.21 back. T&C A. https://payzapp.onelink.me/92W8/iwkkplth",SMS,0,2026-03-14 18:13:58
12078,JM-620040-P,promotional,"तुम्ही JioHotstar वापरू शकता. Rs. 349 ने रिचार्ज करून तुमचे सबस्क्रिप्शन सक्रिय ठेवा आणि 28 दिवसांसाठी दररोज 2 GB डेटा मिळवा. कनेक्टेड रहा, मजेत रहा ! त्वरित रिचार्ज करण्यासाठी येथे क्लिक करा. www.jio.com/r/C7iQoZyw0",SMS,0,2026-03-14 17:29:13
12077,JX-KOTAKB-P,promotional,"Hello 811 Customer, Your Credit Card is ready now. Click here to view and find out how to get started https://1.kotak.bank.in/KOTAKB/WhruCl T&C",SMS,0,2026-03-14 14:32:39
12075,JM-620016-P,promotional,"तुमच्या Jio मोबाईल नंबर 7820972280 प्लॅनची मुदत लवकरच संपणार आहे. अमर्यादित 5G डेटा, JioHotStar सबस्क्रिप्शन, अमर्यादित व्हॉईस कॉल्स आणि दररोज 2 GB डेटा  90 दिवसांच्या वैधतेसह मिळवण्यासाठी Rs.899 चा रिचार्ज करा. नियम व अटी लागू. www.jio.com/r/C6YBUHdvT",SMS,0,2026-03-14 14:18:59
12074,AZ-650001-P,promotional,"Offer 8421XXX369 ke liye! Abhi Recharge karein Rs348 se aur payein Unlimited call, Unlimited 4G + 5G data aur 100 SMS/din, 28 din tak. Recharge on Airtel Thanks App with ZERO CONVENIENCE FEE  i.airtel.in/AirRech",SMS,0,2026-03-14 14:10:05
12070,JK-KOTAKB-S,transactional,INR 20 spent on Kotak Credit Card x8328 on 14-Mar-2026 at UPI-607311747749-PAYTM. Avl limit INR 10910.58 Fraud? https://kotak.bank.in/KBANKT/CCTXN,SMS,0,2026-03-14 11:35:57
12069,JX-SUBWAY-P,promotional,Reminder - 40% OFF upto 80 at Subway. Enjoy your favourites with extra value. Code: xeh93jh7tf. Valid till 18 Mar. Ignore if redeemed. TnC,SMS,0,2026-03-14 11:09:41
12068,JK-KOTAKB-P,promotional,"Hello 811 Customer,Submit Form 15G/H for TDS exemption on your Kotak FD interest income. Click here https://1.kotak.bank.in/KOTAKB/Whadgt",SMS,0,2026-03-14 10:59:04
12066,JZ-JIOPAY-S,transactional,"Current Recharge plan Expiring on 15-Mar-26 00:10 Hrs !
Plan Name : Rs 349_28D_2GB/D
Jio Number : 7820972280
Recharge using MyJio and enjoy zero convenience charges on all recharges.
To recharge - http://tiny.jio.com/dmyjiorchgpl",SMS,0,2026-03-14 00:14:20
12047,AZ-650001-P,promotional,"Offer 8421XXX369 ke liye! Abhi Recharge karein Rs348 se aur payein Unlimited call, Unlimited 4G + 5G data aur 100 SMS/din, 28 din tak. Recharge on Airtel Thanks App with ZERO CONVENIENCE FEE  i.airtel.in/AirRech",SMS,0,2026-03-13 16:53:22
12046,JK-McDnld-P,promotional,This is your sign! McSaver Meal now at Rs 99. Download the McDonald's App & visit your nearest store to redeem. https://smart.link/9es75mxitq6en,SMS,0,2026-03-13 16:47:45
12044,JZ-ISATHI-G,transactional,फसवणूकीच्या उद्देशाने आलेला कॉल किंवा मेसेज रिपोर्ट करायचा आहे का? तक्रार करण्यासाठी संचार साथी डाउनलोड करा : Android : https://t.jio/ISATHI/MWxHL9 iOS : https://t.jio/ISATHI/ios Department of Telecom,SMS,0,2026-03-13 15:25:54
12043,JK-620016-P,promotional,"Recharge now Jio no. 7820972280 with Rs.899 plan & enjoy Special benefits:Free Pro Google Gemini worth Rs.35100 + JioHotstar+ Unlimited 5G data + 2 GB/day & 20GB , Unlimited Voice, 90 Days. Use PhonePe app & get upto Rs.400 Rewards. T&CA. https://phon.pe/jioh",SMS,0,2026-03-13 14:28:44
12042,JD-620016-P,promotional,"तुमच्या Jio मोबाईल नंबर 7820972280 प्लॅनची मुदत लवकरच संपणार आहे. अमर्यादित 5G डेटा, JioHotStar सबस्क्रिप्शन, अमर्यादित व्हॉईस कॉल्स आणि दररोज 2.5 GB डेटा  200 दिवसांच्या वैधतेसह मिळवण्यासाठी Rs.2025 चा रिचार्ज करा. नियम व अटी लागू. www.jio.com/r/C6A4BXIBD",SMS,0,2026-03-13 12:53:54
12041,JZ-JIOINF-S,transactional,आपला Jio नंबर 7820972280 चा प्लॅन लवकरच समाप्त होईल.अखंडित सेवे साठी आत्ता रिचार्ज करा www.jio.com/r/TNyOUG3Zw क्लिक करा. इतर प्लॅन्स साठी 1991 वर कॉल करा.,SMS,0,2026-03-13 10:39:11
12063,JK-KOTAKB-S,transactional,INR 20 spent on Kotak Credit Card x8328 on 13-Mar-2026 at UPI-607209394780-Q1385. Avl limit INR 16956.58 Fraud? https://kotak.bank.in/KBANKT/CCTXN,SMS,0,2026-03-13 09:31:51
12062,JX-KOTAKB-S,transactional,Your Kotak Credit Card xx8328 was delivered to MAHEK AT 17:26 on 12-Mar-2026. Set your PIN to enjoy great deals and avoid closure: https://13.kotak.bank.in/KOTAKB/e/WfnEVN,SMS,0,2026-03-13 07:14:15
12061,JK-JIOHTR-S,transactional,"Hi, your JioHotstar verification code is 9880",SMS,0,2026-03-12 23:48:46
12060,JD-KOTAKB-S,transactional,INR 112 spent on Kotak Credit Card x8328 on 12-Mar-2026 at UPI-398813133302-ZEPTO. Avl limit INR 16976.58 Fraud? https://kotak.bank.in/KBANKT/CCTXN,SMS,0,2026-03-12 20:40:33
12059,JK-KOTAKB-S,transactional,INR 100 spent on Kotak Credit Card x8328 on 12-Mar-2026 at UPI-607120135499-GPAY-. Avl limit INR 17088.58 Fraud? https://kotak.bank.in/KBANKT/CCTXN,SMS,0,2026-03-12 20:24:56
12058,JM-KOTAKB-P,promotional,"Dear Customer, like all-rounders, Flexi Cap Funds contribute to every phase of the market game. Tap https://1.kotak.bank.in/KOTAKB/Wfig1J to invest. T&C Kotak Bank",SMS,0,2026-03-12 19:55:42
12040,JD-KOTAKB-S,transactional,Your Kotak Credit Card xx8328 was delivered to MAHEK AT 17:26 on 12-Mar-2026. Set your PIN to enjoy great deals and avoid closure: https://13.kotak.bank.in/KOTAKB/e/WfPi8a,SMS,0,2026-03-12 17:40:07
12039,AD-BLUDRT-S,transactional,Your order with Blue Dart AWB# 35785702293 was delivered to MAHEK. Please Rate our Service on https://acl.cc/BLUDRT/7qd4bA2k,SMS,0,2026-03-12 17:34:37
12036,JX-YESBNK-S,transactional,"Dear Customer, you have revoked a mandate of Rs. 639.00 on SUPERMONEY. Regards, YES BANK",SMS,0,2026-03-12 15:30:27
12033,JM-YESBNK-S,transactional,"Dear Customer, you have successfully approved a mandate on SUPERMONEY for a frequency ASPRESENTED starting from 12-03-26 for amount 639.00. Regards, YES BANK",SMS,0,2026-03-12 15:27:56
12032,JD-YESBNK-S,transactional,"You have received a UPI-Mandate collect request from APPLE MEDIA SERVICES for Rs. 639.00. Login into SUPERMONEY application to authorize. Regards, YES BANK",SMS,0,2026-03-12 15:27:30
12031,AZ-650001-P,promotional,"Offer 8421XXX369 ke liye! Abhi Recharge karein Rs348 se aur payein Unlimited call, Unlimited 4G + 5G data aur 100 SMS/din, 28 din tak. Recharge on Airtel Thanks App with ZERO CONVENIENCE FEE  i.airtel.in/AirRech",SMS,0,2026-03-12 14:35:58
12057,JK-620016-P,promotional,"तुमच्या Jio मोबाईल नंबर 7820972280 प्लॅनची मुदत लवकरच संपणार आहे. अमर्यादित 5G डेटा, JioHotStar सबस्क्रिप्शन, अमर्यादित व्हॉईस कॉल्स आणि दररोज 2.5 GB डेटा  200 दिवसांच्या वैधतेसह मिळवण्यासाठी Rs.2025 चा रिचार्ज करा. नियम व अटी लागू. www.jio.com/r/C6aLXXQvV",SMS,0,2026-03-12 13:55:46
12030,JX-KOTAKB-P,promotional,"Dear Customer, flat cashback of Rs.500 awaits! Pay your Income tax using Kotak Credit Card. Min. txn Rs.15,000. Pay now https://1.kotak.bank.in/KOTAKB/Weyx5P",SMS,0,2026-03-12 12:53:02
12028,AX-BLUDRT-S,transactional,ARRIVING: Blue Dart will deliver your shipment TODAY. Field Executive will request KYC as per Shipper instructions. Track:https://acl.cc/BLUDRT/nVmxVXGw,SMS,0,2026-03-12 12:37:49
12055,JX-KOTAKB-S,transactional,INR 15 spent on Kotak Credit Card x8328 on 12-Mar-2026 at UPI-607112215667-PAYTM. Avl limit INR 17293.5 Fraud? https://kotak.bank.in/KBANKT/CCTXN,SMS,0,2026-03-12 12:30:30
12054,JK-KOTAKB-P,promotional,"Hello Kotak811 Customer, you are missing out on ActivMoney's 5.75% interest. Click to add funds & start earning https://1.kotak.bank.in/KOTAKB/WelAVC T&C",SMS,0,2026-03-12 12:18:48
12027,JM-KOTAKB-P,promotional,"Dear Maya, your Kotak Personal Loan now starts at 9.97% p.a. Save more with quick approvals.  Tap now: https://1.kotak.bank.in/KOTAKB/WehrWt T&C",SMS,0,2026-03-12 12:09:11
12026,JX-KOTAKB-P,promotional,"Hello 811 Customer,Set your Kotak811 Dream Different Credit Card PIN & shop for rewards and benefits. Set PIN now https://1.kotak.bank.in/KOTAKB/WeaRvC T&C",SMS,0,2026-03-12 11:35:07
12025,JZ-JIOINF-S,transactional,आपला Jio नंबर 7820972280 चा प्लॅन लवकरच समाप्त होईल.अखंडित सेवे साठी आत्ता रिचार्ज करा www.jio.com/r/TM9pS6v3D क्लिक करा. इतर प्लॅन्स साठी 1991 वर कॉल करा.,SMS,0,2026-03-12 10:55:31
12016,JD-CANBNK-S,transactional,"Dear Customer, we got a request for registering your account for UPI in XX3100  app. Do not share your Debit card details/One-time password or OTP/Expiry date number to avoid any financial loss. If it is not initiated by you, please report immediately to your bank helpline no.(18001030)-Canara Bank",SMS,0,2026-03-11 21:56:51
12012,JX-PHONPE-S,transactional,"You have initiated registration of UPI payments on PhonePe. If this is not done by you, please report it to PhonePe at https://support.phonepe.com/report",SMS,0,2026-03-11 21:56:48
12011,JM-PHONPE-S,transactional,"You have initiated registration of UPI payments on PhonePe. If this is not done by you, please report it to PhonePe at https://support.phonepe.com/report",SMS,0,2026-03-11 21:56:47
12006,JK-620016-P,promotional,"तुमच्या Jio मोबाईल नंबर 7820972280 प्लॅनची मुदत लवकरच संपणार आहे. अमर्यादित 5G डेटा, JioHotStar सबस्क्रिप्शन, अमर्यादित व्हॉईस कॉल्स आणि दररोज 2.5 GB डेटा  200 दिवसांच्या वैधतेसह मिळवण्यासाठी Rs.2025 चा रिचार्ज करा. नियम व अटी लागू. www.jio.com/r/C5WIHRRD1",SMS,0,2026-03-11 17:41:05
12005,JM-620016-P,promotional,"तुमच्या Jio मोबाईल नंबर 7820972280 प्लॅनची मुदत लवकरच संपणार आहे. अमर्यादित 5G डेटा, JioHotStar सबस्क्रिप्शन, अमर्यादित व्हॉईस कॉल्स आणि दररोज 2.5 GB डेटा  200 दिवसांच्या वैधतेसह मिळवण्यासाठी Rs.2025 चा रिचार्ज करा. नियम व अटी लागू. www.jio.com/r/C5JGZYNxo",SMS,0,2026-03-11 16:10:19
12004,JZ-JIOINF-S,transactional,JioAutoPay निवडा आणि रिचार्जची तारीख चुकवू नका. प्लॅन आणि पेमेंट मोड कधीही बदला. अनेक क्रमांक आणि त्यांच्या देय तारखांचे व्यवस्थापन करा. https://www.jio.com/selfcare/autopay/,SMS,0,2026-03-11 16:03:23
12000,AZ-650001-P,promotional,"Offer 8421XXX369 ke liye! Abhi Recharge karein Rs348 se aur payein Unlimited call, Unlimited 4G + 5G data aur 100 SMS/din, 28 din tak. Recharge on Airtel Thanks App with ZERO CONVENIENCE FEE  i.airtel.in/AirRech",SMS,0,2026-03-11 13:51:29
11993,JZ-ISATHI-G,transactional,"Want to report a call or message aimed at fraud? Download Sanchar Saathi to report : Android : https://t.jio/ISATHI/MWxHL9 iOS : https://t.jio/ISATHI/ios Dept of Telecom, Govt of India",SMS,0,2026-03-11 12:05:58
11991,JK-SUBWAY-P,promotional,We packed something special for you. Visit Subway this Week and Get 40% OFF upto 80. Code: xeh93jh7tf. Valid Only till 18 Mar. TnC,SMS,0,2026-03-11 11:15:15
11986,VM-HDFCBK-S,transactional,"UPI Activated!
You've linked your Bank A/c to UPI on Paytm.
NEVER share OTP, PIN, card info.
- HDFC Bank",SMS,0,2026-03-11 11:07:34
11964,AZ-650001-P,promotional,"Offer 8421XXX369 ke liye! Abhi Recharge karein Rs348 se aur payein Unlimited call, Unlimited 4G + 5G data aur 100 SMS/din, 28 din tak. Recharge on Airtel Thanks App with ZERO CONVENIENCE FEE  i.airtel.in/AirRech",SMS,0,2026-03-10 14:44:04
11963,JM-THMSUP-P,promotional,"The grit, the sweat & the never-say-die spirit led to this moment. India is on top of the world! Time to celebrate with a Thums Up. s.tccc-comms.com/s/vhP5c1BNp",SMS,0,2026-03-10 13:21:26
11955,AZ-650001-P,promotional,"Offer 8421XXX369 ke liye! Abhi Recharge karein Rs348 se aur payein Unlimited call, Unlimited 4G + 5G data aur 100 SMS/din, 28 din tak. Recharge on Airtel Thanks App with ZERO CONVENIENCE FEE  i.airtel.in/AirRech",SMS,0,2026-03-09 15:43:16
11954,JD-ZEPTON-S,transactional,"Dear Customer,
Thank you for ordering from Zepto. Your order is about to be delivered! Share OTP code 1708 with the delivery agent to confirm receipt.",SMS,0,2026-03-09 10:23:35
11953,JX-ZEPTON-T,transactional,"Dear Customer, Your payment of Rs. 49.00 using Zepto Cash is successful. Updated Zepto Cash balance is Rs.0.00. For help please reach out to - support@zeptonow.com",SMS,0,2026-03-09 09:52:53
11946,AZ-650001-P,promotional,"Offer 8421XXX369 ke liye! Abhi Recharge karein Rs348 se aur payein Unlimited call, Unlimited 4G + 5G data aur 100 SMS/din, 28 din tak. Recharge on Airtel Thanks App with ZERO CONVENIENCE FEE  i.airtel.in/AirRech",SMS,0,2026-03-08 16:51:31
11940,JM-THMSUP-P,promotional,"Just in ...Bumrah Jersey? ...Not exactly, but better. Get Limited Edition Thums Up Jersey Cans! Stock up: s.tccc-comms.com/s/vKkJRSlsu. AAJ KUCH TOOFANI KARTE HAIN!",SMS,0,2026-03-08 11:29:19
11938,JZ-ISATHI-G,transactional,तुमचा मोबाईल खरा आहे का ते तपासायचे आहे का? तपासण्यासाठी संचार साथी डाउनलोड करा : Android : https://t.jio/ISATHI/MWxHL9 iOS: https://t.jio/ISATHI/ios Department of Telecom,SMS,0,2026-03-08 09:11:01
11935,+917498157882,transactional,"Dear Customer, You have a missed call from +917498157882 The last missed call was at 05:09 PM on 07-Mar-2026 Thankyou, Team Jio.",SMS,0,2026-03-07 19:06:36
11934,AZ-650001-P,promotional,"Offer 8421XXX369 ke liye! Abhi Recharge karein Rs348 se aur payein Unlimited call, Unlimited 4G + 5G data aur 100 SMS/din, 28 din tak. Recharge on Airtel Thanks App with ZERO CONVENIENCE FEE  i.airtel.in/AirRech",SMS,0,2026-03-07 15:38:20
11932,JK-McDnld-P,promotional,"This Women's Day, order your McD favs & get FREE Coke + Pizza Puff + free delivery above 199. Use code WOMENSDAYSPL on McDelivery. https://mcdelivery.co.in/",SMS,0,2026-03-07 11:32:13
11931,JZ-TRAIND-G,transactional,"स्पॅमरच्या विरोधात कारवाईसाठी स्पॅमचा अहवाल द्या. मात्र, फोनच्या कॉलिंग ॲपवर स्पॅमर ब्लॉक केल्याने त्याच्यावर प्रत्यक्ष कारवाई होत नाही. TRAI DND App, सेवा प्रदाता ॲप किंवा 1909 वर कॉल करून स्पॅमचा अहवाल द्या. TRAI DND App वर अहवाल देणे सोपे आणि जलद आहे, आजच इंस्टॉल करा.",SMS,0,2026-03-07 08:28:12
11930,JD-KOTAKD-S,transactional,"Hi MAYA, Electricity bill for March generated. Amount Rs. 2,640 is due on 16-Mar-2026. Pay now https://kotk.in/KOTAKD/ED2ZkB - Kotak811 T&C",SMS,0,2026-03-07 01:58:53
11929,JZ-JIOPAY-S,transactional,"अलर्ट!
दैनिक डेटा 06-Mar-26 23:03 ला 100% संपला आहे
Jio नंबर  7820972280 
प्लॅननुसार डेटा कोटा: 2 GB
दैनिक डेटा कोटा 07-Mar-26 00:10  यावर पुनर्संचयित केला जाईल 
जर तुमच्याकडे इतर डेटा प्लान नसेल तर तुमचा इंटरनेट स्पीड आता 64 Kbps पर्यंत कमी होईल.
डेटा पॅक एक्सप्लोर करण्यासाठी आणि रिचार्ज करण्यासाठी, क्लिक करा: http://tiny.jio.com/dbuydatapack
तुमच्या डेटा वापराबद्दल जाणून घेण्यासाठी, क्लिक करा: http://tiny1.jio.com/HelpfulTips",SMS,0,2026-03-06 23:03:58
11928,JZ-JIOPAY-S,transactional,"ALERT!
100% of daily data exhausted as on 06-Mar-26 23:03 !
Jio Number : 7820972280 
Daily quota as per plan : 2 GB
Daily data quota will be restored on : 07-Mar-26 00:10
If you do not have other data plan then your internet speed will now be reduced to 64 Kbps.
To explore and recharge with data packs, click : http://tiny.jio.com/dbuydatapack
To know about your data usage, click : http://tiny1.jio.com/HelpfulTips",SMS,0,2026-03-06 23:03:56
11927,JZ-JioPay-S,transactional,"लक्ष द्या ! 
डेटा कोटा 06-Mar-26 19:35 पर्यंत 90% वापरला गेला आहे.
Jio नंबर  7820972280 
प्लॅननुसार डेटा कोटा: 2 GB 
जर आपल्याकडे कोणतीही अतिरिक्त डेटा प्लॅन नसेल तर 100% डेटा कोटा वापरल्यानंतर तुमचा इंटरनेट स्पीड कमी होईल.
डेटा पॅक एक्सप्लोर करण्यासाठी आणि रिचार्ज करण्यासाठी, क्लिक करा: http://tiny.jio.com/dbuydatapack
डेटा सेव्हिंग टिप्ससाठी, हा व्हिडिओ पहा: http://tiny.jio.com/ydatausagemr",SMS,0,2026-03-06 19:57:27
11926,JZ-JioPay-S,transactional,"ATTENTION!
90% of daily data used as on 06-Mar-26 19:35 !
Jio Number : 7820972280
Daily quota as per plan :2 GB
If you do not have additional data plan then your internet speed will be reduced once 100% of data quota is used.
To explore and recharge with data packs, click : http://tiny.jio.com/dbuydatapack
For data saving tips, watch this video : http://tiny.jio.com/ydatausageen",SMS,0,2026-03-06 19:35:15
11925,+917666242135,transactional,"Dear Customer, +917666242135 is now available to take calls.",SMS,0,2026-03-06 17:44:10
11922,JZ-JioPay-S,transactional,"डेटा वापर अलर्ट!
आपण 06-Mar-26 12:40 ला दररोजच्या डेटापैकी 50%  वापर केला आहे!
Jio नंबर: 7820972280
50% डेटा कोटा: 2 GB
डेटा बचत टिप्ससाठी: http://tiny.jio.com/Savingmr
डेटा बॅलन्स आणि वापर ट्रॅक करण्यासाठी: http://tiny.jio.com/mobile",SMS,0,2026-03-06 12:40:29
11923,JZ-JioPay-S,transactional,"Data usage Alert!
50% of your daily data used as of 06-Mar-26 12:40
Jio Number: 7820972280
Daily Quota: 2 GB
For data saving tips: http://tiny.jio.com/Savingasm
Track your data balance and usage: http://tiny.jio.com/mobile",SMS,0,2026-03-06 12:40:28
11921,AZ-650001-P,promotional,"Offer 8421XXX369 ke liye! Abhi Recharge karein Rs348 se aur payein Unlimited call, Unlimited 4G + 5G data aur 100 SMS/din, 28 din tak. Recharge on Airtel Thanks App with ZERO CONVENIENCE FEE  i.airtel.in/AirRech",SMS,0,2026-03-06 12:03:50
11913,VD-BLUDRT-S,transactional,Your order with Blue Dart AWB# 35824126866 was delivered to MAYA. Please Rate our Service on https://acl.cc/BLUDRT/nV2ax39Z,SMS,0,2026-03-05 17:02:48
11912,JM-BLUDRT-S,transactional,Your Blue Dart Secure Delivery Code is 265306 and its valid for next 30 minutes. Enter this Delivery Code on the device to receive the package.,SMS,0,2026-03-05 16:50:46
11911,AZ-650001-P,promotional,"Offer 8421XXX369 ke liye! Abhi Recharge karein Rs348 se aur payein Unlimited call, Unlimited 4G + 5G data aur 100 SMS/din, 28 din tak. Recharge on Airtel Thanks App with ZERO CONVENIENCE FEE  i.airtel.in/AirRech",SMS,0,2026-03-05 16:02:20
11910,JD-MYCLIQ-P,promotional,"ICONS FOR YOUR CLOSET
Shop Tommy Hilfiger, Lacoste & more on Tata CLiQ Luxury. FLAT 15% OFF* with 1STLUXE
https://1kx.in/MYCLIQ/XamPbMoHUnL",SMS,0,2026-03-05 12:59:27
11908,JM-BLUDRT-S,transactional,"ARRIVING: Blue Dart will deliver your shipment TODAY.Track https://acl.cc/BLUDRT/mp29y5ny .Be cautious of spam from unknown numbers. Avoid sharing information or clicking links, except from confirmed Blue Dart official numbers.",SMS,0,2026-03-05 12:25:50
11906,JM-KOTAKB-P,promotional,"Dear Maya, meet your goals with Kotak Personal Loan of up to Rs.1 Crore. Fast process & lower rates*. Tap now: https://1.kotak.bank.in/KOTAKB/WV8Qx9 T&C",SMS,0,2026-03-05 11:39:38
11904,JM-SUPRMY-S,transactional,"ZEPTO has requested money on SuperMoney. On approving the request, Rs152.00 will be debited from your account : https://super.money/txn/pending_requests",SMS,0,2026-03-05 09:39:07
11894,AZ-650001-P,promotional,"Offer 8421XXX369 ke liye! Abhi Recharge karein Rs348 se aur payein Unlimited call, Unlimited 4G + 5G data aur 100 SMS/din, 28 din tak. Recharge on Airtel Thanks App with ZERO CONVENIENCE FEE  i.airtel.in/AirRech",SMS,0,2026-03-04 17:19:22
11883,AZ-650001-P,promotional,"Offer 8421XXX369 ke liye! Abhi Recharge karein Rs348 se aur payein Unlimited call, Unlimited 4G + 5G data aur 100 SMS/din, 28 din tak. Recharge on Airtel Thanks App with ZERO CONVENIENCE FEE  i.airtel.in/AirRech",SMS,0,2026-03-03 13:39:50
11879,JX-KOTAKB-P,promotional,Your next trip abroad can get rewarding! Earn cashback on international spends using Kotak811 Debit Card. Details: https://1.kotak.bank.in/KOTAKB/WS94GY T&C apply.,SMS,0,2026-03-02 16:50:34
11877,AZ-650001-P,promotional,"Offer 8421XXX369 ke liye! Abhi Recharge karein Rs348 se aur payein Unlimited call, Unlimited 4G + 5G data aur 100 SMS/din, 28 din tak. Recharge on Airtel Thanks App with ZERO CONVENIENCE FEE  i.airtel.in/AirRech",SMS,0,2026-03-02 15:04:13
11876,VM-AXIOFS-S,transactional,Clear Pay Later due of Rs2245 & avoid CIBIL impact. Pay Now https://u.axio.ac/axo/lpxgr47Dz1b8N9v Bill: https://u.axio.ac/axo/SQKCPh7cnnpzo -axio,SMS,0,2026-03-02 14:55:26
11875,JZ-ISATHI-G,transactional,"Want to check if your mobile is genuine? Download Sanchar Saathi to check : Android : https://t.jio/ISATHI/MWxHL9 iOS : https://t.jio/ISATHI/ios Dept of Telecom, Govt of India",SMS,0,2026-03-02 14:54:05
11872,JX-SUPRMY-S,transactional,"ZEPTO MARKETPLACE PRIVATE LIMITED has requested money on SuperMoney. On approving the request, Rs99.00 will be debited from your account : https://super.money/txn/pending_requests",SMS,0,2026-03-02 10:15:39
11870,JK-MYCLIQ-P,promotional,"It's your turn to SPIN & WIN
Assured rewards on Tata CLiQ Fashion
Hurry! Ends at midnight
https://1kx.in/MYCLIQ/UMDN57IKTdS",SMS,0,2026-03-01 20:42:28
11866,VD-BFLFIN-P,promotional,"This Cricket Season, get latest LEDs on easy EMIs with 0 downpayment & more offers. Shop at store. Tap https://s.bflcomm.in/BAJAJF/LMR6ZAma T&C Bajaj Finserv",SMS,0,2026-03-01 16:31:38
11865,AZ-650001-P,promotional,"Offer 8421XXX369 ke liye! Abhi Recharge karein Rs348 se aur payein Unlimited call, Unlimited 4G + 5G data aur 100 SMS/din, 28 din tak. Recharge on Airtel Thanks App with ZERO CONVENIENCE FEE  i.airtel.in/AirRech",SMS,0,2026-03-01 15:33:18
11863,JD-SUPRMY-S,transactional,"ZEPTO MARKETPLACE PRIVATE LIMITED has requested money on SuperMoney. On approving the request, Rs161.00 will be debited from your account : https://super.money/txn/pending_requests",SMS,0,2026-03-01 15:05:27
11859,VM-CANBNK-S,transactional,An amount of INR 299.61 has been kept as hold in your account Number ending with XXXX3100. Total Avail Bal INR 0.39 - Canara Bank.,SMS,0,2026-02-28 20:37:18
11857,VA-BFLFIN-P,promotional,"Congratulations!
Your Bajaj Finserv Insta EMI Card offer has been revised, check now https://m.bflcomm.in/BAJAJF/gKXhiA & shop on Easy EMI.",SMS,0,2026-02-28 18:47:56
11856,VD-axioLN-S,transactional,"Dear Customer,
An Axio agent is scheduled to visit your registered address to collect due amount on your Amazon Pay later account. Please ensure availability.
To avoid further action, make payment here: https://u.axio.ac/axo/0v0nAG4pFnxRV6l
Or contact the agent at 08634017553.
Ignore if paid - axio",SMS,0,2026-02-28 18:46:19
11853,VM-McDnld-P,promotional,10 McCafe Coffees @ Rs.549!! Grab your Coffee Subscription on the McDonald's App! Download & redeem at your nearest McDonald's. https://smart.link/2qinvcp8rm6rw,SMS,0,2026-02-28 16:33:33
11852,VD-BFLFIN-P,promotional,0 downpayment offer unlocked! Buy Voltas AC with Easy EMIs from our partner store today. Visit https://s.bflcomm.in/BAJAJF/9KvYyov4 . T&C Bajaj Finserv,SMS,0,2026-02-28 14:52:06
11850,AZ-650001-P,promotional,"Offer 8421XXX369 ke liye! Abhi Recharge karein Rs348 se aur payein Unlimited call, Unlimited 4G + 5G data aur 100 SMS/din, 28 din tak. Recharge on Airtel Thanks App with ZERO CONVENIENCE FEE  i.airtel.in/AirRech",SMS,0,2026-02-28 14:01:01
11849,VD-axioLN-S,transactional,"Dear Customer,
An Axio agent is scheduled to visit your registered address to collect due amount on your Amazon Pay later account. Please ensure availability.
To avoid further action, make payment here: https://u.axio.ac/axo/0v0nAG4pFnxRV6l
Or contact the agent at 08634017553.
Ignore if paid - axio",SMS,0,2026-02-28 14:00:25
11845,AX-axioLN-S,transactional,"Dear Customer,
An Axio agent is scheduled to visit your registered address to collect due amount on your Amazon Pay later account. Please ensure availability.
To avoid further action, make payment here: https://u.axio.ac/axo/0v0nAG4pFnxRV6l
Or contact the agent at 08634017553.
Ignore if paid - axio",SMS,0,2026-02-28 10:02:01
7427,JX-ZEPTON-T,transactional,"Dear Customer, Your payment of Rs. 4.00 using Zepto Cash is successful. Updated Zepto Cash balance is Rs.0.00. For help please reach out to - support@zeptonow.com",SMS,0,2026-02-27 17:11:46
